-- phpMyAdmin SQL Dump
-- version 3.4.10.1deb1
-- http://www.phpmyadmin.net
--
-- Host: localhost
-- Generation Time: May 01, 2014 at 01:55 AM
-- Server version: 5.5.29
-- PHP Version: 5.3.10-1ubuntu3.11

SET SQL_MODE="NO_AUTO_VALUE_ON_ZERO";
SET time_zone = "+00:00";


/*!40101 SET @OLD_CHARACTER_SET_CLIENT=@@CHARACTER_SET_CLIENT */;
/*!40101 SET @OLD_CHARACTER_SET_RESULTS=@@CHARACTER_SET_RESULTS */;
/*!40101 SET @OLD_COLLATION_CONNECTION=@@COLLATION_CONNECTION */;
/*!40101 SET NAMES utf8 */;

--
-- Database: `project`
--

-- --------------------------------------------------------

--
-- Table structure for table `academic`
--

CREATE TABLE IF NOT EXISTS `academic` (
  `Academic_id` int(11) NOT NULL AUTO_INCREMENT,
  `Name` varchar(255) CHARACTER SET utf8 NOT NULL,
  `Detail` varchar(255) CHARACTER SET utf8 NOT NULL,
  PRIMARY KEY (`Academic_id`)
) ENGINE=InnoDB  DEFAULT CHARSET=latin1 AUTO_INCREMENT=111 ;

--
-- Dumping data for table `academic`
--

INSERT INTO `academic` (`Academic_id`, `Name`, `Detail`) VALUES
(9, 'Computer Engineering', 'วิศวกรรมคอมพิวเตอร์'),
(11, 'Information Engineering', 'วิศวกรรมสารสนเทศ'),
(13, 'Automation Engineering', 'วิศวกรรมอัตโนมัติ'),
(15, 'Electrical Engineering', 'วิศวกรรมไฟฟ้า'),
(27, 'Computer Science', 'วิทยาการคอมพิวเตอร์'),
(28, 'Information Technology', 'เทคโนโลยีสารสนเทศ'),
(29, 'Medicine', 'แพทยศาสตร์'),
(30, 'Dentistry', 'ทันตแพทยศาสตร์'),
(31, 'Business Administration', 'บริหารธุรกิจ'),
(32, 'Political Science', 'รัฐศาสตร์'),
(33, 'Law', 'นิติศาสตร์'),
(34, 'Social Science', 'สังคมศาสตร์'),
(35, 'Education', 'ศึกษาศาสตร์'),
(36, 'Industrial Education', 'ครุศาสตร์อุตสาหกรรม '),
(37, 'Interior Architecture', 'สถาปัตยกรรมภายใน'),
(38, 'Architecture', 'สถาปัตยกรรมศาสตร์'),
(39, 'Nursing', 'พยาบาลศาสตร์'),
(40, 'Management', 'การจัดการ'),
(41, 'Marketing', 'การตลาด'),
(42, 'Human Resource Management', 'การจัดการทรัพยากรมนุษย์'),
(43, 'Forensic Science', 'นิติวิทยาศาสตร์'),
(44, 'Biology', 'ชีวววิทยา'),
(45, 'Biochemistry', 'ชีวเคมี'),
(46, 'Microbiology', 'จุลชีววิทยา'),
(47, 'Mechanical engineering', 'วิศวกรรมเครื่องกล'),
(48, 'Civil Engineering', 'วิศวกรรมโยธา'),
(49, 'Telecommunications Engineering', 'วิศวกรรมโทรคมนาคม'),
(50, 'Mass Communication', 'การสื่อสารมวลชน'),
(51, 'Communication Arts', 'นิเทศศาสตร์'),
(52, 'Public Relations', 'การประชาสัมพันธ์'),
(53, 'Advertising', 'การโฆษณา'),
(54, 'Journalism', 'วารสารศาสตร์'),
(55, 'Radio and Television', 'วิทยุกระจายเสียงและโทรทัศน์'),
(56, 'Film and Digital Media', 'ภาพยนตร์และสื่อดิจิทัล'),
(57, 'Performing Arts', 'ศิลปะการแสดง'),
(58, 'Psychology', 'จิตวิทยา'),
(59, 'Sports Science', 'วิทยาศาสตร์การกีฬา'),
(60, 'Arts', 'ศิลปศาสตร์'),
(61, 'Decorative Arts', 'มัณฑนศิลป์'),
(62, 'Music', 'ดุริยางคศาสตร์'),
(63, 'Physical Education', 'พลศึกษา'),
(64, 'Food Science', 'วิทยาศาสตร์การอาหาร'),
(65, 'Home Economics', 'คหกรรมศาสตร์'),
(66, 'Medical Technology', 'เทคนิคการแพทย์'),
(67, 'Industrial Engineering', 'วิศวกรรมอุตสาหการ'),
(68, 'Electronic Engineering', 'วิศวกรรมอิเล็กทรอนิกส์ '),
(69, 'Software Engineering', 'วิศวกรรมซอฟต์แวร์'),
(70, 'Business Computer', 'คอมพิวเตอร์ธุรกิจ'),
(71, 'Economics', 'เศรษฐศาสตร์'),
(72, 'Pharmacy', 'เภสัชศาสตร์'),
(73, 'Physical Therapy', 'กายภาพบำบัด'),
(74, 'Photographic Art', 'ศิลปะการถ่ายภาพ'),
(75, 'Painting', 'จิตรกรรม'),
(76, 'Sculpture', 'ประติมากรรม'),
(77, 'Photography and Cinematography', 'เทคโนโลยีการถ่ายภาพและภาพยนตร์'),
(78, 'Design', 'การออกแบบ'),
(79, 'Media Arts and Design ', 'สื่อศิลปะและการออกแบบสื่อ'),
(80, 'Public Health', 'สาธารณสุขศาสตร์'),
(81, 'Veterinary Medicine', 'สัตว์แพทยศาสตร์'),
(82, 'History', 'ประวัติศาสตร์'),
(83, 'Geography', 'ภูมิศาสตร์'),
(84, 'Information and Library Science', 'สารสนเทศศาสตร์และบรรณารักษศาสตร์'),
(85, 'Accountancy', 'บัญชี'),
(86, 'Statistics', 'สถิติ'),
(87, 'Logistics Engineering', 'วิศวกรรมโลจิสติกส์'),
(88, 'Mathematics', 'คณิตศาสตร์'),
(89, 'Physics', 'ฟิสิกส์'),
(90, 'Mechatronics Engineering', 'วิศวกรรมแมคคาทรอนิกส์'),
(91, 'Agricultural Engineering', 'วิศวกรรมเกษตร'),
(92, 'Agriculture', 'เกษตรศาสตร์'),
(93, 'Furniture Technology', 'เทคโนโลยีเครื่องเรือน'),
(94, 'Linguistics', 'ภาษาศาสตร์'),
(95, 'Forestry', 'วนศาสตร์'),
(96, 'Social Administration', 'สังคมสงเคราะห์ศาสตร์'),
(97, 'Philosophy and Religion', 'ปรัชญาและศาสนา'),
(98, 'Humanities', 'มนุษยศาสตร์'),
(99, 'Aerospace Engineering', 'วิศวกรรมการบินและอวกาศ'),
(100, 'Aviation Management', 'การจัดการการบิน'),
(101, 'Airline Business', 'ธุรกิจการบิน'),
(102, 'Tourism Management', 'การจัดการการท่องเที่ยว'),
(103, 'Hotel Management', 'การจัดการโรงแรม'),
(104, 'Armed Forces Academies Preparatory School', 'โรงเรียนเตรียมทหาร'),
(105, 'Royal Police Cadet Academy', 'โรงเรียนนายร้อยตำรวจ'),
(106, 'Chulachomklao Royal Military Academy', 'โรงเรียนนายร้อยพระจุลจอมเกล้า'),
(107, 'Navaminda Kasatriyadhiraj Royal Thai Air Force Academy', 'โรงเรียนนายเรืออากาศนวมินทกษัตริยาธิราช'),
(108, 'Royal Thai Navy Academy', 'โรงเรียนนายเรือ');

-- --------------------------------------------------------

--
-- Table structure for table `answer_group`
--

CREATE TABLE IF NOT EXISTS `answer_group` (
  `AnswerGroupID` int(11) NOT NULL AUTO_INCREMENT,
  `Name` varchar(255) CHARACTER SET utf8 NOT NULL,
  `Detail` varchar(255) CHARACTER SET utf8 NOT NULL,
  PRIMARY KEY (`AnswerGroupID`)
) ENGINE=InnoDB  DEFAULT CHARSET=latin1 AUTO_INCREMENT=12 ;

--
-- Dumping data for table `answer_group`
--

INSERT INTO `answer_group` (`AnswerGroupID`, `Name`, `Detail`) VALUES
(1, 'I', 'Introvert'),
(2, 'E', 'Extrovert'),
(3, 'S', 'Sensing'),
(4, 'N', 'Intuition'),
(5, 'T', 'Thinking'),
(6, 'F', 'Feeling'),
(7, 'J', 'Judging'),
(8, 'P', 'Perception');

-- --------------------------------------------------------

--
-- Table structure for table `assessment`
--

CREATE TABLE IF NOT EXISTS `assessment` (
  `AssessmentID` int(8) NOT NULL AUTO_INCREMENT,
  `Name` varchar(32) CHARACTER SET utf8 NOT NULL,
  `Description` varchar(255) CHARACTER SET utf8 NOT NULL,
  `AssessmentTypeID` int(8) NOT NULL,
  `TotalQuestion` int(8) NOT NULL,
  `CreatorID` int(8) NOT NULL,
  `status` int(1) NOT NULL,
  `ResultExpressionID` int(11) NOT NULL,
  PRIMARY KEY (`AssessmentID`)
) ENGINE=InnoDB  DEFAULT CHARSET=latin1 AUTO_INCREMENT=44 ;

--
-- Dumping data for table `assessment`
--

INSERT INTO `assessment` (`AssessmentID`, `Name`, `Description`, `AssessmentTypeID`, `TotalQuestion`, `CreatorID`, `status`, `ResultExpressionID`) VALUES
(1, 'Meyer-Briggs Type Indicator', 'ในแต่ละข้อให้เลือกเพียงตัวเลือก "1" หรือ "2" เพียงตัวเลือกเดียวที่สอดคล้องกับตัวท่านมากที่สุด (แม้จะชอบทัง้คู่ก็ต้องเลือกเพียงตัวเลือกเดียวเท่านั้น)', 1, 32, 1, 1, 1),
(4, 'แบบทดสอบจิตวิทยาทั่วไป แบบที่ 1', 'แบบทดสอบนี้ ใช้เพื่อทำการทดสอบประเภททางบุคลิกภาพของผู้ทำแบบทดสอบ โดยใช้วิธีจัดกลุ่มโดยเฉพาะ เพื่อแยกผู้ทำการทดสอบออกจากคนทั่วไป', 10, 3, 3, 0, 0),
(29, 'Holland code', 'Vertcoin strengthens the distributed nature of cryptocurrencies with it''s innovative approach', 1, 3, 3, 0, 74),
(33, 'RIASEC', 'you are so dude!', 10, 3, 3, 0, 0),
(37, 'Keirsey Temperament Sorter', 'Read the following statements and choose reaction (a) or (b) depending on which is closest to your normal way of responding', 1, 70, 3, 1, 75),
(43, 'Meyer-Briggs Type Indicator', 'ในแต่ละข้อให้เลือกเพียงตัวเลือก "1" หรือ "2" เพียงตัวเลือกเดียวที่สอดคล้องกับตัวท่านมากที่สุด (แม้จะชอบทัง้คู่ก็ต้องเลือกเพียงตัวเลือกเดียวเท่านั้น)', 1, 32, 2, 0, 0);

-- --------------------------------------------------------

--
-- Table structure for table `assessment_type`
--

CREATE TABLE IF NOT EXISTS `assessment_type` (
  `AssessmentTypeID` int(11) NOT NULL AUTO_INCREMENT,
  `Name` varchar(255) CHARACTER SET utf8 NOT NULL,
  `Description` varchar(255) CHARACTER SET utf8 NOT NULL,
  `TotalChoice` int(11) NOT NULL,
  `TotalAnswer` int(11) NOT NULL,
  `TotalAnswerGroup` int(11) NOT NULL,
  PRIMARY KEY (`AssessmentTypeID`)
) ENGINE=InnoDB  DEFAULT CHARSET=latin1 AUTO_INCREMENT=18 ;

--
-- Dumping data for table `assessment_type`
--

INSERT INTO `assessment_type` (`AssessmentTypeID`, `Name`, `Description`, `TotalChoice`, `TotalAnswer`, `TotalAnswerGroup`) VALUES
(1, 'Two Choice/Single Answer', 'ข้อสอบแบบ 2 ตัวเลือกตอบได้เพียง 1 คำตอบ', 2, 1, 8),
(2, 'True/False', 'ข้อสอบแบบถูกผิด มี 2 ตัวเลือกตอบได้แค่ 1 คำตอบ', 2, 1, 4),
(10, '4 Choice / 1 Answer', 'ข้อสอบมาตรฐาน 4 ตัวเลือก 1 คำตอบ', 4, 1, 16),
(17, '10 choice / 1 answer', 'ข้อสอบมาตราฐาน 10 ตัวเลือก 1 คำตอบ', 10, 1, 20);

-- --------------------------------------------------------

--
-- Table structure for table `choice`
--

CREATE TABLE IF NOT EXISTS `choice` (
  `ChoiceID` int(11) NOT NULL AUTO_INCREMENT,
  `Detail` varchar(255) CHARACTER SET utf8 NOT NULL,
  `QuestionNr` int(11) NOT NULL DEFAULT '0',
  `AssessmentID` int(11) NOT NULL DEFAULT '0',
  `AnswerGroupID` int(11) NOT NULL DEFAULT '0',
  PRIMARY KEY (`ChoiceID`,`QuestionNr`,`AnswerGroupID`)
) ENGINE=InnoDB  DEFAULT CHARSET=latin1 AUTO_INCREMENT=258 ;

--
-- Dumping data for table `choice`
--

INSERT INTO `choice` (`ChoiceID`, `Detail`, `QuestionNr`, `AssessmentID`, `AnswerGroupID`) VALUES
(13, 'แก้ปัญหาใหม่ๆ ที่มีความสลับซับซ้อน', 1, 1, 4),
(14, 'เลือกทำงานที่เคยทำสำเร็จมาแล้ว', 1, 1, 3),
(15, 'ทำงานตามลำพังในที่เงียบสงบ', 2, 1, 1),
(16, 'อยู่ตรงที่งานกำลังดำเนินอยู่', 2, 1, 2),
(17, 'ได้สร้างและกำหนดเกณฑ์การทำงานและการตัดสินใจไว้ให้แล้ว', 3, 1, 5),
(18, 'ใส่ใจต่อความต้องการและช่วยเหลือลูกน้องรายบุคคล', 3, 1, 6),
(19, 'ทำให้เสร็จและปิดโครงการทันที', 4, 1, 7),
(20, 'ไม่รีบปิดโครงการเผื่อไว้หากต้องปรับปรุงเปลี่ยนแปลง', 4, 1, 8),
(21, 'การคิดเชิงเหตุผล การมีข้อมูลและความคิดเห็น', 5, 1, 5),
(22, 'ความรู้สึกและค่านิยมของคน', 5, 1, 6),
(23, 'คิดทบทวนหลายครั้งก่อนที่จะตัดสินใจว่าจะเริ่มดำเนินการอย่างไร', 6, 1, 1),
(24, 'เริ่มต้นลงมือทำงานทันที พร้อมกับคิดไปทำไปทีละขั้น', 6, 1, 2),
(25, 'คงวิธีการควบคุมให้มากที่สุดเท่าที่จะเป็นไปได้', 7, 1, 7),
(26, 'ตรวจสอบหาแนวทางต่างๆ ที่สามารถนำมาใช้ดำเนินการ', 7, 1, 8),
(27, 'ทำพร้อมกันหลายโครงการ และพยายามหาความรู้จากแต่ละโครงการให้มากที่สุดเท่าที่จะทำได้', 8, 1, 8),
(28, 'เลือกทำโครงการที่มีความท้าทายมากที่สุดเพียงโครงการเดียวและจะทุ่มเทอย่างเต็มที่', 8, 1, 7),
(29, 'จัดทำรายการและแผนการทำงานก่อนที่จะเริ่มต้นทำงาน และไม่พอใจอย่างยิ่งถ้าถูกปรับเปลี่ยนไปจากแผนที่กำหนดไว้นี้', 9, 1, 7),
(30, 'หลีกเลี่ยงการทำแผนแต่จะปล่อยให้งานคืบหน้าไปเองขณะที่ทำงานนั้น', 9, 1, 8),
(31, 'มองเห็นภาพรวมได้โดยง่าย', 10, 1, 4),
(32, 'เข้าใจจุดใดจุดหนึ่งของสถานการณ์นั้นได้อย่างลึกซึ้งได้โดยง่าย', 10, 1, 3),
(49, 'คนเกาหลี', 1, 33, 1),
(50, 'คนไทย', 1, 33, 2),
(51, 'คนเหมือนกัน', 1, 33, 3),
(52, 'คนโทร', 1, 33, 4),
(53, 'แชร์', 2, 33, 5),
(54, 'โต', 2, 33, 6),
(55, 'สุเทพ', 2, 33, 7),
(56, 'ยิ่งลักษณ์', 2, 33, 8),
(61, 'มานีไปอาร์ตสตรีท', 2, 29, 1),
(62, 'มานีไปตีเจ้าโต', 2, 29, 2),
(65, 'หย่อง', 1, 29, 1),
(66, 'หยุ่น', 1, 29, 2),
(67, 'interact with many, including strangers', 1, 37, 2),
(68, 'interact with a few, known to you', 1, 37, 1),
(69, 'realistic than speculative', 2, 37, 3),
(70, 'speculative than realistic', 2, 37, 4),
(71, 'have you ', 3, 37, 3),
(72, 'be ', 3, 37, 4),
(73, 'principles', 4, 37, 5),
(74, 'emotions', 4, 37, 6),
(79, 'convincing', 5, 37, 5),
(80, 'touching', 5, 37, 6),
(81, 'to deadlines', 6, 37, 7),
(82, 'just ', 6, 37, 8),
(83, 'rather carefully', 7, 37, 7),
(84, 'somewhat implusively', 7, 37, 8),
(85, 'stay late, with increasing energy', 8, 37, 2),
(86, 'leave early, with decreased energy', 8, 37, 1),
(87, 'sensible people', 9, 37, 3),
(88, 'imaginative people', 9, 37, 4),
(89, 'what is actual', 10, 37, 3),
(90, 'what is possible', 10, 37, 4),
(91, 'laws than circumstances', 11, 37, 5),
(92, 'circumstances than laws', 11, 37, 6),
(93, 'objective', 12, 37, 5),
(94, 'personal', 12, 37, 6),
(95, 'punctual', 13, 37, 7),
(96, 'leisurely', 13, 37, 8),
(97, 'incomplete', 14, 37, 7),
(98, 'completed', 14, 37, 8),
(102, 'keep abreast of others happenings', 15, 37, 2),
(103, 'get behind on the news', 15, 37, 1),
(104, 'do it the usual way', 16, 37, 3),
(105, 'do it your own way', 16, 37, 4),
(106, 'say what they mean and mean what they say', 17, 37, 3),
(107, 'express things more by use of analogy', 17, 37, 4),
(108, 'consistency of thought', 18, 37, 5),
(109, 'harmonious human relationships', 18, 37, 6),
(110, 'logical judgements', 19, 37, 5),
(111, 'value judgements', 19, 37, 6),
(112, 'settled and decided', 20, 37, 7),
(113, 'unsettled and undecided', 20, 37, 8),
(114, 'serious and determined', 21, 37, 7),
(115, 'easy-going', 21, 37, 8),
(116, 'rarely question what will be said', 22, 37, 2),
(117, 'rehearse what you ll say', 22, 37, 1),
(118, 'speak for themselves', 23, 37, 3),
(119, 'illustrate principles', 23, 37, 4),
(120, 'somewhat annoying', 24, 37, 3),
(121, 'rather fascinating', 24, 37, 4),
(122, 'a cool-headed person', 25, 37, 5),
(123, 'a warm-hearted person', 25, 37, 6),
(124, 'unjust', 26, 37, 5),
(125, 'merciless', 26, 37, 6),
(126, 'by careful selection and choice', 27, 37, 7),
(127, 'randomly and by chance', 27, 37, 8),
(128, 'having purchased', 28, 37, 7),
(129, 'having the option to buy', 28, 37, 8),
(130, 'initiate conversation', 29, 37, 2),
(131, 'wait to be approached', 29, 37, 1),
(132, 'rarely questionable', 30, 37, 3),
(133, 'frequently questionable', 30, 37, 4),
(134, 'make themselves useful enough', 31, 37, 3),
(135, 'exercise their fantasy enough', 31, 37, 4),
(136, 'standards', 32, 37, 5),
(137, 'feelings', 32, 37, 6),
(138, 'firm than gentle', 33, 37, 5),
(139, 'gentle than firm', 33, 37, 6),
(140, 'the ability to organise and be methodical', 34, 37, 7),
(141, 'the ability to adapt and make do', 34, 37, 8),
(142, 'definite', 35, 37, 7),
(143, 'open-ended', 35, 37, 8),
(144, 'stimulate and energize you', 36, 37, 2),
(145, 'tax your nerves', 36, 37, 1),
(146, 'a practical sort of person', 37, 37, 3),
(147, 'a fanciful sort of person', 37, 37, 4),
(148, 'see how others are useful', 38, 37, 3),
(149, 'see how others see', 38, 37, 4),
(150, 'to discuss an issue thoroughly', 39, 37, 5),
(151, 'to arrive at agreement on an issue', 39, 37, 6),
(152, 'your head', 40, 37, 5),
(153, 'your heart', 40, 37, 6),
(154, 'contracted', 41, 37, 7),
(155, 'done on a casual basis', 41, 37, 8),
(156, 'the orderly', 42, 37, 7),
(157, 'whatever turns up', 42, 37, 8),
(158, 'many friends with brief contract', 43, 37, 2),
(159, 'a few friends with more legthy', 43, 37, 1),
(160, 'facts', 44, 37, 3),
(161, 'principles', 44, 37, 4),
(162, 'production and distribution', 45, 37, 3),
(163, 'design and research', 45, 37, 4),
(164, 'There is a very logical person', 46, 37, 5),
(165, 'There is a very sentimental person', 46, 37, 6),
(166, 'unwavering', 47, 37, 5),
(167, 'devoted', 47, 37, 6),
(168, 'final and unalterable statement', 48, 37, 7),
(169, 'tentative and preliminary statement', 48, 37, 8),
(170, 'after a decision', 49, 37, 7),
(171, 'before a decision', 49, 37, 8),
(172, 'speak easily and at length with strangers', 50, 37, 2),
(173, 'find little to say to strangers', 50, 37, 1),
(174, 'experience', 51, 37, 3),
(175, 'hunch', 51, 37, 4),
(176, 'more practical than ingenious', 52, 37, 3),
(177, 'more ingenious than practical', 52, 37, 4),
(178, 'clear reason', 53, 37, 5),
(179, 'strong feeling', 53, 37, 6),
(180, 'fair-minded', 54, 37, 5),
(181, 'sympathetic', 54, 37, 6),
(182, 'make sure things are arranged', 55, 37, 7),
(183, 'just let things happen', 55, 37, 8),
(184, 'renegotiable', 56, 37, 7),
(185, 'random and circumstantial', 56, 37, 8),
(186, 'hasten to get to it first', 57, 37, 2),
(187, 'hope someone else will answer', 57, 37, 1),
(188, 'a strong sense of reality', 58, 37, 3),
(189, 'a vivid imagination', 58, 37, 4),
(190, 'fundamentals', 59, 37, 3),
(191, 'overtones', 59, 37, 4),
(192, 'to be too passionate', 60, 37, 5),
(193, 'to be too objective', 60, 37, 6),
(194, 'hard-hearted', 61, 37, 5),
(195, 'soft-hearted', 61, 37, 6),
(196, 'the structured and schedules', 62, 37, 7),
(197, 'the unstructured and unschedules', 62, 37, 8),
(198, 'routine than whimsical', 63, 37, 7),
(199, 'whimsical than routine', 63, 37, 8),
(200, 'easy to approach', 64, 37, 2),
(201, 'somewhat reserved', 64, 37, 1),
(202, 'the more literal', 65, 37, 3),
(203, 'the more figurative', 65, 37, 4),
(204, 'identify with others', 66, 37, 3),
(205, 'utilize others', 66, 37, 4),
(206, 'clarity of reason', 67, 37, 5),
(207, 'strength of compassion', 67, 37, 6),
(208, 'being discriminate', 68, 37, 5),
(209, 'being critical', 68, 37, 6),
(210, 'planned event', 69, 37, 7),
(211, 'unplanned event', 69, 37, 8),
(212, 'deliberate than spontaneous', 70, 37, 7),
(213, 'spontaneous than deliberate', 70, 37, 8),
(214, 'รู้สึกว่าเป็นเสียงที่รบกวนการทำงาน', 11, 1, 1),
(215, 'ไม่รังเกียจที่จะรับสายโทรศัพท์นั้น', 11, 1, 2),
(216, 'การวิเคราะห์ (analytical)', 12, 1, 5),
(217, 'ความเข้าอกเข้าใจ (empathetic)', 12, 1, 6),
(218, 'ทำอย่างสม่ำเสมอและคงเส้นคงวา', 13, 1, 3),
(219, 'ทำอย่างเต็มที่แต่มีช่วงหยุดเป็นช่วงๆ', 13, 1, 4),
(220, 'นำมาเกี่ยวข้องกับประสบการณ์เก่าของข้าพเจ้าและดูว่าคล้ายกันไหม', 14, 1, 6),
(221, 'วิเคราะห์และประเมินเนื้อหาที่ได้ยินนั้น', 14, 1, 5),
(222, 'ลงมือทำดู', 15, 1, 2),
(223, 'ลองพิจารณาใคร่ครวญความคิดใหม่นั้นอีกหลายครั้ง', 15, 1, 1),
(224, 'ตึกรอบงานให้แคบลง เพื่อที่จะมองเห็นภาพได้ชัดเจนและตรงประเด็นยิ่งขึ้น', 16, 1, 3),
(225, 'ขยายขอบเขตงานออกไป เพื่อให้สามารถครอบคลุมประเด็นที่เกี่ยวข้องได้ครบ', 16, 1, 4),
(226, 'เพ่งความคิดไปยังข้อความที่เขียนนั้น', 17, 1, 3),
(227, 'อ่านแต่ละบรรทัด เพื่อหาคำสำคัญที่เกี่ยวข้องกับความคิดต่างๆ', 17, 1, 4),
(228, 'รู้สึกอึดอัดใจและอยากได้ข้อมูลเพิ่มเติม', 18, 1, 8),
(229, 'สามารถตัดสินใจได้จากข้อมูลเท่าที่มีอยู่', 18, 1, 7),
(230, 'ค่อยๆ ประมวลความคิดตนเองในขณะที่พูดถึงเรื่องนั้น', 19, 1, 2),
(231, 'พูดออกไปก็ต่อเมื่อได้ใคร่ครวญความคิดที่เกี่ยวกับเรื่องนั้นอย่างดีแล้ว', 19, 1, 1),
(232, 'ประเด็นที่เกี่ยวกับความคิด', 20, 1, 5),
(233, 'ประเด็นที่เกี่ยวกับคน', 20, 1, 6),
(234, 'ชอบเสนอความคิดมากมายที่ยังขาดความชัดเจน', 21, 1, 3),
(235, 'ทำให้เสียเวลาที่ประชุมไปกับการพูดถึงรายละเอียดของการทำงานอย่างถี่ยิบ', 21, 1, 4),
(236, 'คนตื่นเช้า', 22, 1, 1),
(237, 'คนนอนดึก', 22, 1, 2),
(238, 'อยากเข้าประชุมและได้แสดงความคิดเห็นต่อที่ประชุม', 23, 1, 8),
(239, 'เตรียมตัวพร้อมเต็มที่ และขีดเขียนวาระหัวข้อการประชุมนั้นออกมา', 23, 1, 7),
(240, 'สามารถแสดงออกทางอารมณ์ได้ดี', 24, 1, 6),
(241, 'ให้ความสำคัญกับงาน', 24, 1, 5),
(242, 'กระตุ้นการใช้ปัญญาในการทำงานให้กับข้าพเจ้า', 25, 1, 5),
(243, 'ข้าพเจ้าผูกพันกับเป้าหมายและพันธกิจ', 25, 1, 6),
(244, 'วางแผนล่วงหน้าว่าจะทำอะไรบ้าง', 26, 1, 7),
(245, 'ไปดูว่ามีอะไรเกิดขึ้นบ้าง แล้วจึงตัดสินใจเข้าร่วมตามนั้น', 26, 1, 8),
(246, 'ชอบออกไปพบปะผู้คน', 27, 1, 2),
(247, 'ชอบใช้ความคิดไตร่ตรอง', 27, 1, 1),
(248, 'เต็มไปด้วยความคิดใหม่ๆ', 28, 1, 4),
(249, 'เป็นนักปฏิบัติที่ดี', 28, 1, 3),
(250, 'สังคม (Social)', 29, 1, 6),
(251, 'เป็นทฤษฏี (theoretical)', 29, 1, 5),
(252, 'ความเป็นเจ้าความคิด (ingenuity)', 30, 1, 4),
(253, 'ความเป็นนักปฏิบัติ (practicality)', 30, 1, 3),
(254, 'การจัดรูปแบบ (organized)', 31, 1, 7),
(255, 'การยืดหยุ่นได้ (adaptable)', 31, 1, 8),
(256, 'คล่องแคล่ว (active)', 32, 1, 2),
(257, 'การมีสมาธิ (concentration)', 32, 1, 1);

-- --------------------------------------------------------

--
-- Table structure for table `graph`
--

CREATE TABLE IF NOT EXISTS `graph` (
  `name` varchar(255) NOT NULL,
  `graphID` int(11) NOT NULL AUTO_INCREMENT,
  PRIMARY KEY (`graphID`)
) ENGINE=InnoDB  DEFAULT CHARSET=latin1 AUTO_INCREMENT=5 ;

--
-- Dumping data for table `graph`
--

INSERT INTO `graph` (`name`, `graphID`) VALUES
('Pie chart', 1),
('Basic line', 2),
('Basic column', 3);

-- --------------------------------------------------------

--
-- Table structure for table `graph_data`
--

CREATE TABLE IF NOT EXISTS `graph_data` (
  `name` varchar(255) NOT NULL,
  `dataID` int(11) NOT NULL AUTO_INCREMENT,
  PRIMARY KEY (`dataID`)
) ENGINE=InnoDB  DEFAULT CHARSET=latin1 AUTO_INCREMENT=4 ;

--
-- Dumping data for table `graph_data`
--

INSERT INTO `graph_data` (`name`, `dataID`) VALUES
('Gender', 1),
('Age', 2),
('Total', 3);

-- --------------------------------------------------------

--
-- Table structure for table `occupation`
--

CREATE TABLE IF NOT EXISTS `occupation` (
  `Occupation_id` int(11) NOT NULL AUTO_INCREMENT,
  `Name` varchar(255) CHARACTER SET utf8 NOT NULL,
  `Detail` varchar(255) CHARACTER SET utf8 NOT NULL,
  PRIMARY KEY (`Occupation_id`)
) ENGINE=InnoDB  DEFAULT CHARSET=latin1 AUTO_INCREMENT=120 ;

--
-- Dumping data for table `occupation`
--

INSERT INTO `occupation` (`Occupation_id`, `Name`, `Detail`) VALUES
(31, 'Business Executives', 'A business executive is generally a person responsible for running an organization, although the exact nature of the role varies depending on the organization.'),
(33, 'Business Manager', 'A business manager is a person who drives the work of others in order to run a major business efficiently and make a large profit.'),
(34, 'Accountants Officers', 'An Accounting Officer is the individual whose responsibility it is to sign off on the annual accounts of a Government Department or Office / Body.'),
(35, 'Financial Officers', 'Financial officers are elected to manage the fiscal operations of the unit, council and district PTA.'),
(36, 'Police', 'A police force is a constituted body of persons empowered by the state to enforce the law, protect property, and limit civil disorder.'),
(37, 'Detectives', ''),
(38, 'Judges', ''),
(39, 'Lawyers', ''),
(40, 'Medical Doctors', ''),
(41, 'Medical Dentists', ''),
(42, 'Computer Programmers', ''),
(43, 'System Analysts', ''),
(44, 'Military Leaders', ''),
(45, 'Teachers', ''),
(46, 'Sales representatives', ''),
(47, 'Interior Decorators', ''),
(48, 'Designers', ''),
(49, 'Nurses', ''),
(50, 'Administrator', ''),
(51, 'Managers', ''),
(52, 'Administrative Assistants', ''),
(53, 'Child Care', ''),
(54, 'Early Childhood Development', ''),
(55, 'Social Work', ''),
(56, 'Social Counselors', ''),
(57, 'Paralegals', ''),
(58, 'Clergy', ''),
(59, 'Religious Workers', ''),
(60, 'Office Managers', ''),
(61, 'Shopkeepers', ''),
(62, 'Bookkeepers', ''),
(63, 'Home Economics', ''),
(64, 'Family Practice Physician', ''),
(65, 'Forensic Pathologist', ''),
(66, 'Engineers', ''),
(67, 'Carpenters', ''),
(68, 'Mechanics', ''),
(69, 'Pilots', ''),
(70, 'Drivers', ''),
(71, 'Motocyclists', ''),
(72, 'Athletes', ''),
(73, 'Enterpreneurs', ''),
(74, 'Marketing Personnel', ''),
(75, 'Paramedic', ''),
(76, 'Emergency Medical Technician', ''),
(77, 'PC Technicians', ''),
(78, 'Network Cablers', ''),
(79, 'Computer Technical Support', ''),
(80, 'Artists', ''),
(81, 'Performers', ''),
(82, 'Actors', ''),
(83, 'Fashion Designers', ''),
(84, 'Consultants', ''),
(85, 'Photographers', ''),
(86, 'Musician', ''),
(87, 'Composer', ''),
(88, 'Designer', ''),
(89, 'Psychologist', ''),
(90, 'Veterinarian', ''),
(91, 'Forest Ranger', ''),
(92, 'Pediatrician', ''),
(93, 'Corporate Executive Officer', ''),
(94, 'Organization Builder', ''),
(95, 'Computer Consultant', ''),
(96, 'University Professors', ''),
(97, 'University Administrators', ''),
(98, 'Scientists', ''),
(99, 'Corporate Strategists', ''),
(100, 'Attorneys', ''),
(101, 'Strategic Planners', ''),
(102, 'Mathematicians', ''),
(103, 'Technical Writers', ''),
(104, 'Forensic Research', ''),
(105, 'Forestry', ''),
(106, 'Park Rangers', ''),
(107, 'Facilitator', ''),
(108, 'Human Resources', ''),
(109, 'Events Coordinator', ''),
(110, 'Politicians', ''),
(111, 'Diplomats', ''),
(112, 'Writers', ''),
(113, 'Alternative Health Care Practitioners', ''),
(114, 'Psychiatrists', ''),
(115, 'Journalist', ''),
(116, 'Television Reporter', ''),
(119, 'test', 'test');

-- --------------------------------------------------------

--
-- Table structure for table `occupation_academic`
--

CREATE TABLE IF NOT EXISTS `occupation_academic` (
  `Occupation_id` int(4) NOT NULL,
  `Academic_id` int(4) NOT NULL
) ENGINE=InnoDB DEFAULT CHARSET=latin1;

--
-- Dumping data for table `occupation_academic`
--

INSERT INTO `occupation_academic` (`Occupation_id`, `Academic_id`) VALUES
(70, 0),
(71, 0),
(37, 33),
(38, 33),
(38, 32),
(39, 33),
(39, 32),
(40, 29),
(41, 30),
(42, 9),
(42, 11),
(42, 28),
(42, 27),
(42, 69),
(43, 9),
(43, 11),
(43, 28),
(43, 27),
(43, 69),
(49, 39),
(50, 31),
(52, 40),
(52, 31),
(46, 41),
(46, 31),
(46, 70),
(51, 40),
(51, 31),
(51, 70),
(54, 35),
(57, 33),
(57, 32),
(60, 31),
(60, 70),
(60, 40),
(61, 40),
(61, 41),
(61, 71),
(63, 65),
(63, 64),
(64, 29),
(64, 80),
(68, 47),
(73, 31),
(73, 40),
(73, 41),
(75, 29),
(76, 29),
(77, 9),
(77, 27),
(77, 68),
(77, 11),
(78, 9),
(78, 27),
(78, 11),
(78, 28),
(78, 49),
(66, 13),
(66, 48),
(66, 9),
(66, 15),
(66, 68),
(66, 67),
(66, 11),
(66, 47),
(66, 49),
(79, 9),
(79, 27),
(79, 11),
(79, 28),
(80, 75),
(80, 76),
(80, 78),
(80, 38),
(80, 61),
(80, 60),
(47, 37),
(47, 38),
(47, 78),
(47, 61),
(48, 78),
(48, 38),
(48, 79),
(48, 61),
(81, 57),
(82, 57),
(83, 78),
(83, 79),
(83, 61),
(84, 31),
(85, 51),
(85, 74),
(85, 38),
(86, 62),
(87, 62),
(88, 78),
(88, 61),
(90, 81),
(92, 29),
(93, 40),
(93, 31),
(94, 40),
(94, 41),
(94, 52),
(94, 53),
(94, 51),
(94, 50),
(94, 55),
(95, 9),
(95, 27),
(95, 11),
(95, 28),
(96, 35),
(96, 36),
(45, 35),
(45, 36),
(45, 63),
(72, 59),
(72, 63),
(97, 35),
(97, 36),
(98, 45),
(98, 44),
(98, 46),
(99, 31),
(99, 40),
(99, 42),
(100, 33),
(101, 40),
(101, 41),
(101, 31),
(103, 60),
(104, 43),
(104, 44),
(107, 42),
(108, 42),
(108, 40),
(108, 34),
(108, 52),
(109, 40),
(110, 33),
(110, 34),
(110, 32),
(111, 32),
(113, 80),
(113, 73),
(113, 66),
(113, 29),
(114, 29),
(116, 50),
(116, 51),
(116, 54),
(116, 55),
(115, 50),
(115, 51),
(115, 54),
(115, 55),
(65, 43),
(65, 29),
(65, 44),
(91, 95),
(91, 92),
(89, 58),
(74, 41),
(74, 71),
(102, 88),
(102, 86),
(105, 95),
(105, 92),
(106, 95),
(106, 92),
(112, 94),
(112, 60),
(44, 104),
(44, 106),
(44, 107),
(44, 108),
(62, 84),
(67, 93),
(69, 99),
(69, 100),
(69, 101),
(58, 34),
(58, 97),
(59, 34),
(59, 97),
(53, 39),
(53, 80),
(53, 96),
(55, 34),
(55, 96),
(56, 34),
(56, 96),
(31, 31),
(31, 40),
(31, 41),
(33, 31),
(33, 40),
(33, 41),
(35, 85),
(35, 71),
(35, 86),
(34, 85),
(34, 71),
(34, 86),
(34, 70),
(36, 32),
(36, 33),
(36, 34),
(36, 43),
(36, 105),
(36, 104),
(117, 0),
(118, 0),
(119, 0);

-- --------------------------------------------------------

--
-- Table structure for table `parameter`
--

CREATE TABLE IF NOT EXISTS `parameter` (
  `name` varchar(255) NOT NULL,
  `value` int(8) NOT NULL
) ENGINE=InnoDB DEFAULT CHARSET=latin1;

--
-- Dumping data for table `parameter`
--

INSERT INTO `parameter` (`name`, `value`) VALUES
('minimum support', 4);

-- --------------------------------------------------------

--
-- Table structure for table `question`
--

CREATE TABLE IF NOT EXISTS `question` (
  `QID` int(11) NOT NULL AUTO_INCREMENT,
  `QuestionNr` int(11) NOT NULL,
  `Detail` varchar(255) CHARACTER SET utf8 NOT NULL,
  `AssessmentID` int(11) NOT NULL DEFAULT '0',
  PRIMARY KEY (`QID`,`AssessmentID`),
  UNIQUE KEY `QID` (`QID`)
) ENGINE=InnoDB  DEFAULT CHARSET=latin1 AUTO_INCREMENT=132 ;

--
-- Dumping data for table `question`
--

INSERT INTO `question` (`QID`, `QuestionNr`, `Detail`, `AssessmentID`) VALUES
(1, 1, 'ข้าพเจ้าชอบที่จะ', 1),
(2, 2, 'ข้าพเจ้าชอบที่จะ', 1),
(3, 3, 'ข้าพเจ้าชอบหัวหน้าที่', 1),
(4, 4, 'เมื่อข้าพเจ้าทำงานเกี่ยวกับโครงการ ข้าพเจ้าต้องการ', 1),
(5, 5, 'เมื่อต้องตัดสินใจ สิ่งสำคัญที่สุดที่ต้องคำนึงถึง คือ', 1),
(6, 6, 'เมื่อต้องทำงานโครงการ ข้าพเจ้าจะ', 1),
(7, 7, 'เมื่อต้องทำงานโครงการ ข้าพเจ้าชอบที่จะ', 1),
(8, 8, 'ในการทำงานของข้าพเจ้า ข้าพเจ้ามักจะ', 1),
(9, 9, 'ข้าพเจ้ามักจะ', 1),
(10, 10, 'เมื่ออภิปรายปัญหากับเพื่อน ข้าพเจ้าสามารถ', 1),
(28, 1, 'ไก่งามเพราะขน', 33),
(29, 2, 'มานีมี', 33),
(31, 1, 'เทพชัย', 29),
(33, 2, 'มานีมีแชร์', 29),
(34, 1, 'At a party do you', 37),
(35, 2, 'Are you more', 37),
(36, 3, 'Is it worse to', 37),
(37, 4, 'Are you more impressed by', 37),
(40, 5, 'Are you more drawn towards to', 37),
(41, 6, 'Do you prefer to work', 37),
(42, 7, 'Do you tend to choose', 37),
(43, 8, 'At parties do you', 37),
(44, 9, 'Are you more attracted to', 37),
(45, 10, 'Are you more interested in', 37),
(46, 11, 'In judging others are you more swayed by', 37),
(47, 12, 'In approaching others is your inclination to be somewhat', 37),
(48, 13, 'Are you more', 37),
(49, 14, 'Does it bother you more having things', 37),
(52, 15, 'In your social groups do you', 37),
(53, 16, ' In doing ordinary things are you more likely to', 37),
(54, 17, 'Writers should', 37),
(55, 18, 'Which appeals to you more', 37),
(56, 19, 'Are you more comfortable in making', 37),
(57, 20, 'Do you want things', 37),
(58, 21, 'Would you say you are more', 37),
(59, 22, 'In phoning do you', 37),
(60, 23, 'Facts', 37),
(61, 24, 'Are visionaries', 37),
(62, 25, 'Are you more often', 37),
(63, 26, 'Is it worse to be', 37),
(64, 27, 'Should one usually let events occur', 37),
(65, 28, 'Do you feel better about', 37),
(66, 29, 'In company do you', 37),
(67, 30, 'Common sense is', 37),
(68, 31, 'Children often do not', 37),
(69, 32, 'In making decisions do you feel more comfortable with', 37),
(70, 33, 'Are you more', 37),
(71, 34, 'Which is more admirable', 37),
(72, 35, 'Do you put more value on the', 37),
(73, 36, 'Does new and non-routine interaction with others', 37),
(74, 37, 'Are you more frequently', 37),
(75, 38, 'Are you more likely to', 37),
(76, 39, 'Which is more satisfying', 37),
(77, 40, 'Which rules you more', 37),
(78, 41, 'Are you more comfortable with work that is', 37),
(79, 42, 'Do you tend to look for', 37),
(80, 43, 'Do you prefer', 37),
(81, 44, 'Do you go more by', 37),
(82, 45, 'Are you more interested in', 37),
(83, 46, 'Which is more of a compliment', 37),
(84, 47, 'Do you value yourself more than you are', 37),
(85, 48, 'Do you more often prefer the', 37),
(86, 49, 'Are you more comfortable', 37),
(87, 50, 'Do you', 37),
(88, 51, 'Are you more likely to trust your', 37),
(89, 52, 'Do you feel', 37),
(90, 53, 'Which person is more to be complimented one of', 37),
(91, 54, 'Are you inclined more to be', 37),
(92, 55, 'Is it preferable mostly to', 37),
(93, 56, 'In relationships should most things be', 37),
(94, 57, 'When the phone rings do you', 37),
(95, 58, 'Do you prize more in yourself', 37),
(96, 59, 'Are you drawn more to', 37),
(97, 60, 'Which seems the greater error', 37),
(98, 61, 'Do you see yourself as basically', 37),
(99, 62, 'Which situation appeals to you more', 37),
(100, 63, 'Are you a person that is more', 37),
(101, 64, 'Are you more inclined to be', 37),
(102, 65, 'In writings do you prefer', 37),
(103, 66, 'Is it harder for you to', 37),
(104, 67, 'Which do you wish more for yourself', 37),
(105, 68, 'Which is the greater fault', 37),
(106, 69, 'Do you prefer the', 37),
(107, 70, 'Do you tend to be more', 37),
(108, 11, 'เมื่อมีเสียงกริ่งโทรศัพท์ดังขึ้นที่ทำงานหรือที่บ้าน ปกติข้าพเจ้า', 1),
(109, 12, 'คำใดที่อธิบายตรงกับตัวข้าพเจ้าได้ดีกว่ากันระหว่าง ...', 1),
(110, 13, 'เมื่อข้าพเจ้าลงมือทำการบ้าน ข้าพเจ้ามักจะ', 1),
(111, 14, 'เมื่อข้าพเจ้าเกิดได้ยินใครพูดถึงเรื่องใดเรื่องหนึ่ง ข้าพเจ้ามักจะพยายาม', 1),
(112, 15, 'เมื่อข้าพเจ้าเกิดความคิดใหม่ขึ้น ข้าพเจ้ามักจะ...', 1),
(113, 16, 'เมื่อต้องทำงานโครงการ ข้าพเจ้ามักจะ', 1),
(114, 17, 'เมื่อข้าพเจ้าอ่านอะไรก็แล้วแต่ ข้าพเจ้ามักจะ ...', 1),
(115, 18, 'เมื่อข้าพเจ้าจำเป็นต้องตัดสินใจโดยเร่งด่วน ข้าพเจ้ามัก...', 1),
(116, 19, 'ในการประชุมข้าพเจ้ามักจะ...', 1),
(117, 20, 'ในการทำงาน ประเด็นที่ข้าพเจ้าชอบใช้เวลาค่อนข้างมากกว่าคือ', 1),
(118, 21, 'ในการประชุม ข้าพเจ้ามักถูกรบกวนให้รำคาญใจกับคนที่...', 1),
(119, 22, 'ข้าพเจ้าชอบเป็น', 1),
(120, 23, 'รูปแบบการเตรียมพร้อมก่อนเข้าร่วมประชุมของข้าพเจ้าคือ', 1),
(121, 24, 'ในที่ประชุมข้าพเจ้าชอบคนที่', 1),
(122, 25, 'ข้าพเจ้าชอบการทำงานกับหน่วยงานที่', 1),
(123, 26, 'ช่วงสุดสัปดาห์ ข้าพเจ้ามักจะ...', 1),
(124, 27, 'ข้าพเจ้าเป็นคนประเภท...', 1),
(125, 28, 'ข้าพเจ้าชอบทำงานกับหัวหน้าที่', 1),
(126, 29, 'ตั้งแต่ข้อ 29 - 32 แต่ละข้อมี 2 ข้อความให้เลือกเพียงอย่างเดียว', 1),
(127, 30, 'ตั้งแต่ข้อ 29 - 32 แต่ละข้อมี 2 ข้อความให้เลือกเพียงอย่างเดียว', 1),
(128, 31, 'ตั้งแต่ข้อ 29 - 32 แต่ละข้อมี 2 ข้อความให้เลือกเพียงอย่างเดียว', 1),
(129, 32, 'ตั้งแต่ข้อ 29 - 32 แต่ละข้อมี 2 ข้อความให้เลือกเพียงอย่างเดียว', 1),
(130, 1, 'คุณรักตัวเองมากแค่ไหน', 0),
(131, 2, 'คุณรักผุ้อื่นมากแค่ไหน', 0);

-- --------------------------------------------------------

--
-- Table structure for table `result`
--

CREATE TABLE IF NOT EXISTS `result` (
  `ResultID` int(11) NOT NULL AUTO_INCREMENT,
  `Name` varchar(255) CHARACTER SET utf8 NOT NULL,
  `Detail` text CHARACTER SET utf8 NOT NULL,
  PRIMARY KEY (`ResultID`)
) ENGINE=InnoDB  DEFAULT CHARSET=latin1 AUTO_INCREMENT=45 ;

--
-- Dumping data for table `result`
--

INSERT INTO `result` (`ResultID`, `Name`, `Detail`) VALUES
(26, 'ISTJ', 'มีลักษณะจริงจัง เงียบขรึม ประสบความสำเร็จได้จากความตั้งใจจริง และมีความละเอียดรอบคอบ เป็นคนพูดจริงทำจริง มีระเบียบ มีขั้นตอนในการทำงาน ยึดถือสิ่งที่เห็นจริง และไว้ใจได้ จะควบคุมให้ทุกสิ่งที่ตนรับผิดชอบได้เรียบร้อย มักตัดสินใจโดยตนเองว่าสิ่งใดควรให้ความเอาใจใส่ โดยไม่สนใจต่อสิ่งที่มารบกวน หรือคำทักท้วงใดๆ'),
(27, 'ISFJ', 'มีลักษณะเงียบขรึม เป็นมิตร มีความรับผิดชอบ และมีคุณธรรม ทำงานอย่างอุทิศตนเพื่อให้งานบรรลุวัตถุประสงค์ มักให้ความช่วยเหลือต่อกลุ่มอย่างเสมอต้นเสมอปลาย เป็นคนละเอียดรอบคอบ ระมัดระวัง และแม่นยำ ไม่สนใจเรื่องเทคนิค สามารถจดจำรายละเอียดได้ดี มีความซื่อสัตย์ เกรงใจผู้อื่น มีความเข้าใจในชีวิต และให้ความสำคัญต่อความรู้สึกของผู้อื่น'),
(28, 'ISTP', 'มีลักษณะภายนอกดูเยือกเย็น เงียบ สำรวม ช่างสังเกต และวิเคราะห์ชีวิตด้วยความสนใจใคร่รู้ และมักจะมีมุขตลกขบขันของตัวเอง แสดงออกมาโดยไม่คาดคิด ปกติสนใจในเรื่องที่มีเหตุผล มักจะมีคำถามว่าทำไมจึงเป็นเช่นนั้น ในการพิจารณาความจริง จะยึดหลักตรรกะของเหตุและผล'),
(29, 'ISFP', 'มีลักษณะสงบเสงี่ยม ดูเป็นมิตร อารมณ์อ่อนไหว มีเมตตา ถ่อมตัวในเรื่องความสามารถ มักหลบหลีกการโต้แย้ง จะไม่บีบบังคับความคิดเห็นหรือค่านิยมของคนอื่น ไม่ชอบเป็นผู้นำ แต่จะเป็นผู้ตามที่ดี การทำงานให้สำเร็จจะทำตามสบาย เพราะจะสนุกอยู่กับภาวะปัจจุบัน และจะไม่ยอมเสียความรู้สึกไปกับความรีบร้อน หรือการบีบบังคับ'),
(30, 'INFJ', 'มีลักษณะเป็นผู้มีความพากเพียร ริเริ่ม และมุ่งมั่นที่จะกระทำในสิ่งที่ปรารถนาให้สำเร็จ จะทุ่มเทความสามารถทั้งหมดในการทำงาน เด็ดเดี่ยว ซื่อตรง ห่วงใยผู้อื่น เชื่อมั่นในหลักการของตนเอง จึงมักจะได้รับเกียรติและความเชื่อถือจากผู้อื่นในการตัดสินใจ'),
(31, 'INTJ', 'ลักษณะเป็นตัวของตัวเองสูง มีพลังความคิด และจุดมุ่งหมายในสิ่งที่ตนสนใจ จะมีพลังในการจัดการเพื่อทำงานนั้นให้สำเร็จ เป็นคนช่างสงสัย ช่างพินิจพิเคราะห์ รักอิสระ มีความมุ่งมั่นจนกระทั่งบางครั้งดูเหมือนดันทุรัง รู้จักมองข้ามสิ่งเล็กน้อยเพื่อประสบความสำเร็จในสิ่งที่สำคัญกว่า'),
(32, 'INFP', 'มีลักษณะเต็มไปด้วยความกระตือรือร้นและจริงใจ ซื่อสัตย์ แต่จะถ่อมตัว ไม่ค่อยพูด มักสนใจเกี่ยวกับการเรียนรู้ ความคิด ภาษา และโครงการอิสระที่ตนเองริเริ่มขึ้น ดูเหมือนว่าจะทำงานมากเกินไป แต่ในที่สุดก็ทำทุกสิ่งจนสำเร็จ เป็นมิตรแต่ไม่ค่อยแสดงออก ไม่ค่อยยึดติดหรือให้ความสำคัญกับวัตถุและสิ่งแวดล้อมทางกายภาพ'),
(33, 'INTP', 'มีลักษณะเงียบ สำรวม และระมัดระวัง สนใจเฉพาะเรื่องราวเกี่ยวกับทฤษฎีหรือวิทยาศาสตร์ ชอบการแก้ปัญหาแบบตรรกะ และการวิเคราะห์ปัญหาโดยใช้ความคิดและเหตุผล ให้ความสนใจในงานสังคมหรือการพูดคุยเพียงเล็กน้อย มีแนวโน้มที่จะให้ความสนใจสิ่งต่าง ๆ อย่างถ่องแท้ มีความต้องการอาชีพที่สอดคล้องกับความสนใจเพื่อที่จะนำความสนใจนั้นมาใช้ให้เกิดประโยชน์'),
(34, 'ESTP', 'มีลักษณะเชี่ยวชาญในการแก้ปัญหาได้ตรงประเด็น ไม่ค่อยวิตกกังวล สนุกกับเรื่องต่าง ๆ ที่ผ่านเข้ามา มีแนวโน้มที่จะชอบเครื่องจักรกล และการกีฬาที่มีผู้อื่นร่วมกิจกรรมด้วย ปรับตัวง่าย อดทน ให้คุณค่าแนวอนุรักษ์นิยม ไม่ชอบการอธิบายสิ่งต่าง ๆ ยืดยาว มักเป็นเลิศในการควบคุมดูแลอุปกรณ์เครื่องจักร'),
(35, 'ESFP', 'มีลักษณะชอบสังคม เข้ากับคนง่าย มีมนุษย์สัมพันธ์ดี สนุกสนานได้กับทุกสิ่ง สามารถทำให้ผู้อื่นสนุกสนาน ชอบการกีฬา และการทำสิ่งต่าง ๆ ให้เป็นจริงขึ้นมา รับรู้สนใจเหตุการณ์ที่เกิดขึ้น และมักชอบเข้าไปมีส่วนร่วมอย่างกระตือรือร้น มักจดจำสิ่งต่าง ๆ ได้มากกว่าเข้าในทฤษฎี เป็นเลิศในการใช้สามัญสำนึก ปฏิบัติการเกี่ยวกับวัตถุและบุคคลได้ดี'),
(36, 'ESTJ', 'มีลักษณะเป็นคนพูดจริงทำจริง นิยมสิ่งที่จับต้องได้ มีหัวคิดด้านธุรกิจหรือด้านเครื่องจักรกล ไม่ค่อยสนใจวิชาการที่เห็นว่าไม่มีประโยชน์ แต่สามารถปรับตัวและทำงานนั้นได้เมื่อจำเป็น ชอบในการจัดการและดำเนินกิจกรรมต่าง ๆ จึงอาจเป็นนักบริหารที่ดีได้ ถ้าคำนึงถึงความคิดเห็นและความรู้สึกของผู้อื่นบ้าง'),
(37, 'ESFJ', 'ลักษณะจิตใจโอบอ้อมอารี ช่างพูด มีมนุษยสัมพันธ์ดี ซื่อตรงชอบที่จะช่วยเหลือผู้อื่น จึงเป็นสมาชิกกลุ่มที่มีความกระตือรือร้น ต้องการความปรองดอง และอาจสร้างบรรยากาศนั้นให้เกิดขึ้นได้ ชอบทำสิ่งที่ดีให้กับบุคคลอื่น จะทำงานได้ดีเมื่อได้รับคำชม หรือได้รับการสนับสนุน'),
(38, 'ENFP', 'มีลักษณะกระตือรือร้นสูง มองโลกในแง่ดี ช่างคิดช่างฝัน สามารถทำได้เกือบทุกสิ่งที่สนใจ มักแก้ปัญหาที่ยากได้อย่างรวดเร็ว และสามารถช่วยผู้อื่นในการแก้ปัญหา มักชอบทำงานที่ต้องใช้ความสามารถในการแก้ไขสถานการณ์เฉพาะหน้ามากกว่าการวางแผน มีความสามารถในการหาเหตุผลโน้มน้าวจิตใจผู้อื่น เพื่อให้ได้สิ่งที่ตนต้องการ'),
(39, 'ENTP', 'มีลักษณะคล่องแคล่ว ช่างคิด มักเก่งในหลาย ๆ ด้าน มีอิทธิพลต่อกลุ่มสูง มีความตื่นตัว มักพูดจาขวานผ่าซาก อาจโต้เถียงข้าง ๆ คู ๆ เพื่อความสนุก มีสติปัญญาดีในการแก้ปัญหาใหม่ ๆ และท้าทาย ไม่ให้ความสำคัญต่องานที่ต้องทำเป็นแบบแผนซ้ำ ๆ อาจจะไปหาความสนใจใหม่ครั้งแล้วครั้งเล่า มักเปลี่ยนความสนใจไปสู่สิ่งใหม่ ๆ เสมอ เป็นบุคคลที่เต็มไปด้วยทักษะในการคิดอย่างเป็นเหตุเป็นผลต่อสิ่งที่ตนต้องการ'),
(40, 'ENFJ', 'มีลักษณะชอบโต้ตอบ มีความรับผิดชอบสูง ห่วงใยต่อความคิดและความต้องการของผู้อื่น จัดการสิ่งต่าง ๆ ด้วยความเต็มใจและเต็มที่ โดยคำนึงถึงความรู้สึกของผู้อื่น สามารถแสดงความคิดเห็น หรือนำการอภิปรายกลุ่มอย่างคล่องแคล่วและมีหลักการ เป็นคนชอบเข้าสังคม กว้างขวาง เห็นอกเห็นใจผู้อื่น มักมีความอ่อนไหวตามคำชม และคำวิพากษ์วิจารณ์'),
(41, 'ENTJ', 'มีลักษณะจริงใจ เปิดเผย ตัดสินใจเด็ดขาด มีลักษณะของผู้นำ มักมีความสามารถในการพูดอย่างมีเหตุผลและชาญฉลาด เช่น การพูดในที่ชุมชน สนใจข่าวสารรอบตัว และสนใจที่จะเพิ่มพูนความรู้ให้กับตนเองเสมอ บางครั้งอาจแสดงความมั่นใจและเชื่อมั่นในตนเองสูงกว่าประสบการณ์ที่ตนเองมีอยู่จริง');

-- --------------------------------------------------------

--
-- Table structure for table `result_expression`
--

CREATE TABLE IF NOT EXISTS `result_expression` (
  `ResultExpID` int(11) NOT NULL AUTO_INCREMENT,
  `Expression` varchar(255) CHARACTER SET utf8 NOT NULL,
  PRIMARY KEY (`ResultExpID`)
) ENGINE=InnoDB  DEFAULT CHARSET=latin1 AUTO_INCREMENT=77 ;

--
-- Dumping data for table `result_expression`
--

INSERT INTO `result_expression` (`ResultExpID`, `Expression`) VALUES
(1, 'pair(1) = {awg(1),awg(2)}; \r\npair(2) = {awg(3),awg(4)}; \r\npair(3) = {awg(5),awg(6)}; \r\npair(4) = {awg(7),awg(8)};'),
(74, 'pair(1) = {awg(3),awg(2),awg(1)};\r\n'),
(75, 'pair(1) = {awg(1),awg(2)}; \npair(2) = {awg(3),awg(4)}; \npair(3) = {awg(5),awg(6)}; \npair(4) = {awg(7),awg(8)};'),
(76, 'กฏของความรัก');

-- --------------------------------------------------------

--
-- Table structure for table `result_occupation`
--

CREATE TABLE IF NOT EXISTS `result_occupation` (
  `ResultID` int(4) NOT NULL,
  `Occupation_id` int(4) NOT NULL
) ENGINE=InnoDB DEFAULT CHARSET=latin1;

--
-- Dumping data for table `result_occupation`
--

INSERT INTO `result_occupation` (`ResultID`, `Occupation_id`) VALUES
(26, 31),
(26, 33),
(26, 34),
(26, 35),
(26, 36),
(26, 37),
(26, 38),
(26, 39),
(26, 40),
(26, 41),
(26, 42),
(26, 43),
(26, 44),
(36, 44),
(36, 33),
(36, 36),
(36, 37),
(36, 38),
(36, 35),
(36, 45),
(36, 46),
(27, 47),
(27, 48),
(27, 49),
(27, 50),
(27, 51),
(27, 52),
(27, 53),
(27, 54),
(27, 55),
(27, 56),
(27, 57),
(27, 58),
(27, 59),
(27, 60),
(27, 61),
(27, 62),
(27, 63),
(37, 63),
(37, 49),
(37, 45),
(37, 50),
(37, 53),
(37, 64),
(37, 58),
(37, 59),
(37, 60),
(37, 56),
(37, 55),
(37, 62),
(37, 34),
(37, 52),
(28, 36),
(28, 37),
(28, 65),
(28, 42),
(28, 43),
(28, 66),
(28, 67),
(28, 68),
(28, 69),
(28, 70),
(28, 71),
(28, 72),
(28, 73),
(34, 46),
(34, 74),
(34, 36),
(34, 37),
(34, 75),
(34, 76),
(34, 77),
(34, 78),
(34, 79),
(34, 73),
(34, 72),
(35, 80),
(35, 81),
(35, 82),
(35, 46),
(35, 56),
(35, 55),
(35, 53),
(35, 83),
(35, 47),
(35, 84),
(35, 85),
(29, 80),
(29, 86),
(29, 87),
(29, 88),
(29, 53),
(29, 54),
(29, 55),
(29, 56),
(29, 45),
(29, 89),
(29, 90),
(29, 91),
(29, 92),
(41, 93),
(41, 94),
(41, 73),
(41, 95),
(41, 39),
(41, 38),
(41, 33),
(41, 97),
(41, 96),
(31, 98),
(31, 66),
(31, 96),
(31, 45),
(31, 41),
(31, 40),
(31, 99),
(31, 94),
(31, 33),
(31, 44),
(31, 39),
(31, 100),
(31, 38),
(31, 42),
(31, 43),
(39, 39),
(39, 89),
(39, 73),
(39, 85),
(39, 84),
(39, 66),
(39, 98),
(39, 82),
(39, 46),
(39, 74),
(39, 42),
(39, 43),
(33, 98),
(33, 85),
(33, 101),
(33, 102),
(33, 96),
(33, 42),
(33, 43),
(33, 103),
(33, 66),
(33, 39),
(33, 100),
(33, 38),
(33, 104),
(33, 105),
(33, 106),
(40, 107),
(40, 84),
(40, 89),
(40, 55),
(40, 56),
(40, 45),
(40, 58),
(40, 46),
(40, 108),
(40, 51),
(40, 109),
(40, 110),
(40, 111),
(40, 112),
(30, 58),
(30, 59),
(30, 45),
(30, 40),
(30, 41),
(30, 113),
(30, 89),
(30, 114),
(30, 56),
(30, 55),
(30, 86),
(30, 80),
(30, 85),
(30, 53),
(30, 54),
(38, 84),
(38, 89),
(38, 73),
(38, 82),
(38, 45),
(38, 56),
(38, 110),
(38, 111),
(38, 112),
(38, 115),
(38, 116),
(38, 42),
(38, 43),
(38, 98),
(38, 66),
(38, 80),
(32, 112),
(32, 56),
(32, 55),
(32, 45),
(32, 96),
(32, 89),
(32, 114),
(32, 86),
(32, 58),
(32, 59),
(42, 0),
(43, 0),
(44, 0);

-- --------------------------------------------------------

--
-- Table structure for table `tags`
--

CREATE TABLE IF NOT EXISTS `tags` (
  `Tags_id` int(11) NOT NULL AUTO_INCREMENT,
  `Tags_name` varchar(255) NOT NULL,
  PRIMARY KEY (`Tags_id`)
) ENGINE=InnoDB  DEFAULT CHARSET=latin1 AUTO_INCREMENT=176 ;

--
-- Dumping data for table `tags`
--

INSERT INTO `tags` (`Tags_id`, `Tags_name`) VALUES
(34, 'business'),
(35, 'management'),
(36, 'organization'),
(37, 'executive'),
(38, 'administration'),
(39, 'corporation'),
(41, 'chief'),
(42, 'officers'),
(43, 'agency'),
(44, 'department'),
(45, 'store'),
(46, 'president'),
(47, 'vice president'),
(48, 'staff'),
(49, 'marketing'),
(50, 'financial'),
(51, 'operator'),
(52, 'plan'),
(53, 'boards'),
(54, 'goals'),
(55, 'trade'),
(56, 'international'),
(57, 'leader'),
(58, 'speech'),
(59, 'conference'),
(60, 'budgets'),
(61, 'company'),
(62, 'suggestions'),
(63, 'expense'),
(64, 'negotiation'),
(65, 'contracts'),
(66, 'persuasion'),
(67, 'costs'),
(68, 'reports'),
(69, 'promote'),
(70, 'government'),
(71, 'accounting'),
(72, 'money'),
(73, 'finance'),
(74, 'banking'),
(75, 'law'),
(76, 'enforcement'),
(77, 'crime'),
(78, 'service'),
(79, 'civil'),
(80, 'guard'),
(81, 'troop'),
(82, 'ranger'),
(83, 'peace'),
(84, 'force'),
(85, 'investigation'),
(86, 'court'),
(87, 'justice'),
(88, 'corruption'),
(89, 'social'),
(90, 'medical'),
(91, 'hospital'),
(92, 'healthcare'),
(93, 'heal'),
(94, 'treatment'),
(95, 'illness'),
(96, 'disorder'),
(97, 'surgery'),
(98, 'doctors'),
(99, 'nurse'),
(100, 'patient'),
(101, 'logic'),
(102, 'process'),
(103, 'computer'),
(104, 'system'),
(105, 'technology'),
(106, 'engineering'),
(107, 'analysis'),
(108, 'design'),
(109, 'implement'),
(110, 'testing'),
(111, 'program'),
(112, 'military'),
(113, 'armed'),
(114, 'teaching'),
(115, 'student'),
(116, 'school'),
(117, 'university'),
(118, 'knowledge'),
(119, 'education'),
(120, 'lecture'),
(121, 'class'),
(122, 'exam'),
(123, 'test'),
(124, 'sales'),
(125, 'product'),
(126, 'profit'),
(127, 'architecture'),
(128, 'nature'),
(129, 'style'),
(130, 'modern'),
(131, 'decorator'),
(132, 'assistant'),
(133, 'support'),
(134, 'youth'),
(135, 'kindergarten'),
(136, 'advise'),
(137, 'children'),
(138, 'charity'),
(139, 'community'),
(140, 'development'),
(141, 'aid'),
(142, 'religious'),
(143, 'library'),
(144, 'book'),
(145, 'academic'),
(146, 'forensic'),
(147, 'pathogen'),
(148, 'scientific'),
(149, 'electrical'),
(150, 'mechanical'),
(151, 'transportation'),
(152, 'public'),
(153, 'safety'),
(154, 'flying'),
(155, 'aircraft'),
(156, 'car'),
(157, 'road'),
(158, 'travel'),
(159, 'sport'),
(160, 'physical'),
(161, 'competition'),
(162, 'accident'),
(163, 'Technical'),
(164, 'art'),
(165, 'music'),
(166, 'creativity'),
(167, 'animal'),
(168, 'outdoor'),
(169, 'strategy'),
(170, 'public relation'),
(171, 'publishing'),
(172, 'people'),
(173, 'tag');

-- --------------------------------------------------------

--
-- Table structure for table `tags_occupation`
--

CREATE TABLE IF NOT EXISTS `tags_occupation` (
  `Tags_id` int(4) NOT NULL,
  `Occupation_id` int(4) NOT NULL
) ENGINE=InnoDB DEFAULT CHARSET=latin1;

--
-- Dumping data for table `tags_occupation`
--

INSERT INTO `tags_occupation` (`Tags_id`, `Occupation_id`) VALUES
(158, 70),
(157, 70),
(156, 70),
(153, 70),
(152, 70),
(151, 70),
(78, 70),
(158, 71),
(157, 71),
(153, 71),
(152, 71),
(151, 71),
(77, 37),
(70, 37),
(78, 37),
(79, 37),
(85, 37),
(87, 37),
(75, 37),
(88, 37),
(89, 38),
(87, 38),
(86, 38),
(79, 38),
(78, 38),
(77, 38),
(75, 38),
(70, 38),
(87, 39),
(86, 39),
(85, 39),
(78, 39),
(75, 39),
(64, 39),
(66, 39),
(58, 39),
(100, 40),
(98, 40),
(97, 40),
(96, 40),
(95, 40),
(94, 40),
(93, 40),
(92, 40),
(91, 40),
(90, 40),
(70, 40),
(100, 41),
(94, 41),
(93, 41),
(92, 41),
(91, 41),
(90, 41),
(111, 42),
(102, 42),
(110, 42),
(109, 42),
(106, 42),
(105, 42),
(104, 42),
(103, 42),
(101, 42),
(108, 43),
(107, 43),
(106, 43),
(105, 43),
(104, 43),
(52, 43),
(100, 49),
(95, 49),
(96, 49),
(93, 49),
(94, 49),
(90, 49),
(34, 50),
(36, 50),
(38, 50),
(42, 50),
(70, 50),
(78, 50),
(34, 52),
(38, 52),
(132, 52),
(48, 52),
(68, 52),
(78, 52),
(124, 46),
(125, 46),
(78, 46),
(126, 46),
(72, 46),
(66, 46),
(65, 46),
(64, 46),
(55, 46),
(48, 46),
(34, 51),
(35, 51),
(41, 51),
(45, 51),
(52, 51),
(54, 51),
(57, 51),
(137, 54),
(114, 54),
(62, 54),
(140, 54),
(132, 57),
(87, 57),
(86, 57),
(85, 57),
(75, 57),
(62, 57),
(34, 60),
(35, 60),
(41, 60),
(44, 60),
(45, 60),
(52, 60),
(57, 60),
(78, 61),
(72, 61),
(124, 61),
(48, 61),
(45, 61),
(34, 61),
(34, 63),
(45, 63),
(55, 63),
(72, 63),
(125, 63),
(124, 63),
(126, 63),
(139, 63),
(141, 64),
(134, 64),
(100, 64),
(96, 64),
(95, 64),
(137, 64),
(94, 64),
(92, 64),
(90, 64),
(48, 64),
(150, 68),
(148, 68),
(109, 68),
(106, 68),
(105, 68),
(34, 73),
(52, 73),
(54, 73),
(57, 73),
(72, 73),
(125, 73),
(124, 73),
(126, 73),
(140, 73),
(162, 75),
(153, 75),
(152, 75),
(141, 75),
(112, 75),
(98, 75),
(94, 75),
(93, 75),
(91, 75),
(90, 75),
(89, 75),
(162, 76),
(153, 76),
(152, 76),
(148, 76),
(93, 76),
(91, 76),
(90, 76),
(48, 76),
(94, 76),
(163, 77),
(105, 77),
(149, 77),
(106, 77),
(104, 77),
(103, 77),
(62, 77),
(163, 78),
(105, 78),
(103, 78),
(133, 78),
(106, 78),
(48, 78),
(150, 66),
(149, 66),
(148, 66),
(140, 66),
(109, 66),
(106, 66),
(105, 66),
(104, 66),
(102, 66),
(101, 66),
(163, 79),
(133, 79),
(103, 79),
(106, 79),
(62, 79),
(48, 79),
(166, 80),
(165, 80),
(164, 80),
(129, 80),
(118, 80),
(127, 80),
(108, 80),
(131, 47),
(130, 47),
(129, 47),
(128, 47),
(127, 47),
(108, 47),
(62, 47),
(52, 47),
(130, 48),
(129, 48),
(127, 48),
(108, 48),
(125, 48),
(166, 81),
(164, 81),
(129, 81),
(128, 81),
(114, 81),
(89, 81),
(66, 81),
(58, 81),
(57, 81),
(166, 82),
(164, 82),
(160, 82),
(129, 82),
(128, 82),
(66, 82),
(57, 82),
(58, 82),
(108, 83),
(166, 83),
(164, 83),
(129, 83),
(130, 83),
(128, 83),
(125, 83),
(126, 83),
(124, 83),
(34, 84),
(42, 84),
(52, 84),
(62, 84),
(78, 84),
(104, 84),
(163, 84),
(105, 84),
(107, 84),
(164, 85),
(166, 85),
(163, 85),
(105, 85),
(129, 85),
(130, 85),
(133, 85),
(108, 85),
(166, 86),
(164, 86),
(165, 86),
(129, 86),
(108, 86),
(109, 86),
(58, 86),
(166, 87),
(164, 87),
(165, 87),
(163, 87),
(105, 87),
(108, 87),
(129, 87),
(130, 87),
(140, 87),
(108, 88),
(166, 88),
(164, 88),
(129, 88),
(130, 88),
(125, 88),
(163, 88),
(109, 88),
(167, 90),
(168, 90),
(160, 90),
(98, 90),
(97, 90),
(95, 90),
(107, 90),
(94, 90),
(93, 90),
(90, 90),
(137, 92),
(134, 92),
(98, 92),
(95, 92),
(93, 92),
(92, 92),
(91, 92),
(90, 92),
(70, 92),
(79, 92),
(78, 92),
(34, 93),
(36, 93),
(37, 93),
(39, 93),
(41, 93),
(42, 93),
(52, 93),
(53, 93),
(54, 93),
(56, 93),
(57, 93),
(36, 94),
(39, 94),
(41, 94),
(57, 94),
(42, 94),
(48, 94),
(51, 94),
(58, 94),
(66, 94),
(89, 94),
(136, 94),
(62, 94),
(140, 94),
(103, 95),
(163, 95),
(105, 95),
(62, 95),
(133, 95),
(136, 95),
(107, 95),
(108, 95),
(61, 95),
(34, 95),
(36, 95),
(57, 95),
(152, 96),
(139, 96),
(136, 96),
(122, 96),
(123, 96),
(120, 96),
(117, 96),
(115, 96),
(114, 96),
(145, 96),
(118, 96),
(122, 45),
(121, 45),
(119, 45),
(118, 45),
(116, 45),
(115, 45),
(114, 45),
(89, 45),
(78, 45),
(70, 45),
(159, 72),
(160, 72),
(161, 72),
(123, 72),
(84, 72),
(57, 72),
(51, 72),
(54, 72),
(117, 97),
(38, 97),
(145, 97),
(118, 97),
(123, 97),
(121, 97),
(122, 97),
(36, 97),
(133, 97),
(42, 97),
(52, 97),
(148, 98),
(163, 98),
(105, 98),
(104, 98),
(107, 98),
(34, 99),
(52, 99),
(169, 99),
(42, 99),
(62, 99),
(54, 99),
(126, 99),
(133, 99),
(140, 99),
(161, 99),
(87, 100),
(70, 100),
(75, 100),
(77, 100),
(78, 100),
(86, 100),
(88, 100),
(169, 101),
(52, 101),
(34, 101),
(166, 101),
(161, 101),
(107, 101),
(62, 101),
(54, 101),
(42, 101),
(36, 101),
(152, 103),
(170, 103),
(171, 103),
(163, 103),
(105, 103),
(166, 103),
(129, 103),
(89, 103),
(85, 103),
(48, 103),
(148, 104),
(146, 104),
(163, 104),
(105, 104),
(102, 104),
(158, 104),
(140, 104),
(106, 104),
(87, 104),
(51, 104),
(132, 107),
(133, 107),
(34, 107),
(51, 107),
(48, 107),
(44, 107),
(45, 107),
(140, 107),
(172, 108),
(34, 108),
(35, 108),
(36, 108),
(44, 108),
(60, 108),
(62, 108),
(65, 108),
(89, 108),
(123, 108),
(170, 108),
(169, 109),
(52, 109),
(152, 109),
(170, 109),
(48, 109),
(133, 109),
(57, 109),
(168, 109),
(36, 109),
(35, 109),
(70, 110),
(79, 110),
(78, 110),
(152, 110),
(75, 110),
(172, 110),
(169, 110),
(52, 110),
(109, 110),
(139, 110),
(140, 110),
(89, 110),
(57, 110),
(70, 111),
(79, 111),
(78, 111),
(152, 111),
(139, 111),
(140, 111),
(169, 111),
(52, 111),
(56, 111),
(57, 111),
(42, 111),
(42, 113),
(51, 113),
(62, 113),
(78, 113),
(90, 113),
(93, 113),
(92, 113),
(94, 113),
(95, 113),
(96, 113),
(99, 113),
(133, 113),
(132, 113),
(139, 113),
(166, 113),
(98, 114),
(94, 114),
(95, 114),
(93, 114),
(100, 114),
(90, 114),
(66, 114),
(62, 114),
(58, 114),
(172, 116),
(170, 116),
(158, 116),
(58, 116),
(56, 116),
(166, 115),
(170, 115),
(171, 115),
(144, 115),
(143, 115),
(147, 65),
(146, 65),
(107, 65),
(105, 65),
(95, 65),
(94, 65),
(168, 91),
(158, 91),
(152, 91),
(139, 91),
(128, 91),
(112, 91),
(84, 91),
(82, 91),
(81, 91),
(79, 91),
(77, 91),
(75, 91),
(57, 91),
(42, 91),
(70, 91),
(98, 89),
(94, 89),
(95, 89),
(93, 89),
(91, 89),
(90, 89),
(66, 89),
(62, 89),
(58, 89),
(34, 74),
(48, 74),
(49, 74),
(55, 74),
(64, 74),
(68, 74),
(72, 74),
(89, 74),
(126, 74),
(62, 74),
(148, 102),
(118, 102),
(163, 102),
(101, 102),
(107, 102),
(140, 102),
(104, 102),
(106, 102),
(111, 102),
(168, 105),
(167, 105),
(158, 105),
(152, 105),
(139, 105),
(133, 105),
(113, 105),
(84, 105),
(76, 105),
(80, 105),
(82, 105),
(79, 105),
(78, 105),
(168, 106),
(82, 106),
(158, 106),
(80, 106),
(81, 106),
(113, 106),
(79, 106),
(78, 106),
(70, 106),
(128, 106),
(76, 106),
(84, 106),
(42, 106),
(166, 112),
(171, 112),
(163, 112),
(144, 112),
(143, 112),
(129, 112),
(130, 112),
(58, 112),
(113, 44),
(112, 44),
(83, 44),
(82, 44),
(81, 44),
(80, 44),
(70, 44),
(57, 44),
(52, 44),
(37, 44),
(144, 62),
(143, 62),
(119, 62),
(118, 62),
(117, 62),
(116, 62),
(78, 62),
(38, 62),
(150, 67),
(140, 67),
(131, 67),
(130, 67),
(129, 67),
(127, 67),
(109, 67),
(158, 69),
(155, 69),
(153, 69),
(152, 69),
(151, 69),
(78, 69),
(56, 69),
(142, 58),
(139, 58),
(138, 58),
(133, 58),
(78, 58),
(48, 58),
(142, 59),
(48, 59),
(51, 59),
(78, 59),
(89, 59),
(138, 59),
(139, 59),
(137, 53),
(136, 53),
(119, 53),
(114, 53),
(92, 53),
(89, 55),
(141, 55),
(140, 55),
(139, 55),
(138, 55),
(89, 56),
(62, 56),
(58, 56),
(66, 56),
(94, 56),
(114, 56),
(138, 56),
(139, 56),
(141, 56),
(37, 31),
(34, 31),
(36, 31),
(41, 31),
(52, 31),
(53, 31),
(54, 31),
(65, 31),
(57, 31),
(58, 31),
(59, 31),
(61, 31),
(66, 31),
(35, 33),
(53, 33),
(34, 33),
(41, 33),
(54, 33),
(57, 33),
(50, 35),
(34, 35),
(48, 35),
(51, 35),
(60, 35),
(63, 35),
(67, 35),
(68, 35),
(72, 35),
(34, 34),
(42, 34),
(45, 34),
(48, 34),
(50, 34),
(51, 34),
(60, 34),
(68, 34),
(71, 34),
(72, 34),
(85, 36),
(76, 36),
(79, 36),
(78, 36),
(77, 36),
(70, 36),
(75, 36),
(113, 36),
(0, 117),
(0, 118),
(0, 119);

-- --------------------------------------------------------

--
-- Table structure for table `test`
--

CREATE TABLE IF NOT EXISTS `test` (
  `TID` int(11) NOT NULL AUTO_INCREMENT,
  `UserID` int(11) DEFAULT NULL,
  `AssessmentID` int(11) DEFAULT NULL,
  `QuestionNr` int(11) DEFAULT NULL,
  `ChoiceID` int(11) DEFAULT NULL,
  `sessionID` varchar(32) NOT NULL,
  PRIMARY KEY (`TID`)
) ENGINE=InnoDB  DEFAULT CHARSET=latin1 AUTO_INCREMENT=13301 ;

--
-- Dumping data for table `test`
--

INSERT INTO `test` (`TID`, `UserID`, `AssessmentID`, `QuestionNr`, `ChoiceID`, `sessionID`) VALUES
(5132, 2, 29, 1, 66, '4690fdcb1b7307248fb21065d4c46b0a'),
(5133, 2, 29, 2, 61, '4690fdcb1b7307248fb21065d4c46b0a'),
(5134, 2, 29, 1, 66, '4690fdcb1b7307248fb21065d4c46b0a'),
(5135, 2, 29, 1, 66, '4690fdcb1b7307248fb21065d4c46b0a'),
(5136, 2, 29, 2, 61, '4690fdcb1b7307248fb21065d4c46b0a'),
(5137, 2, 29, 2, 62, '4690fdcb1b7307248fb21065d4c46b0a'),
(5138, 2, 29, 1, 66, '3ee5e359f56c921f8d206cd7e4576663'),
(5222, 112, 37, 1, 67, '3849426a1500d6f2c9dbf12856dfb597'),
(5223, 112, 37, 2, 69, '3849426a1500d6f2c9dbf12856dfb597'),
(5224, 112, 37, 3, 71, '3849426a1500d6f2c9dbf12856dfb597'),
(5225, 112, 37, 4, 73, '3849426a1500d6f2c9dbf12856dfb597'),
(5226, 112, 37, 5, 79, '3849426a1500d6f2c9dbf12856dfb597'),
(5227, 112, 37, 6, 81, '3849426a1500d6f2c9dbf12856dfb597'),
(5228, 112, 37, 7, 83, '3849426a1500d6f2c9dbf12856dfb597'),
(5229, 112, 37, 8, 85, '3849426a1500d6f2c9dbf12856dfb597'),
(5230, 112, 37, 9, 87, '3849426a1500d6f2c9dbf12856dfb597'),
(5231, 112, 37, 10, 89, '3849426a1500d6f2c9dbf12856dfb597'),
(5232, 112, 37, 11, 91, '3849426a1500d6f2c9dbf12856dfb597'),
(5233, 112, 37, 12, 93, '3849426a1500d6f2c9dbf12856dfb597'),
(5234, 112, 37, 13, 95, '3849426a1500d6f2c9dbf12856dfb597'),
(5235, 112, 37, 14, 97, '3849426a1500d6f2c9dbf12856dfb597'),
(5236, 112, 37, 15, 102, '3849426a1500d6f2c9dbf12856dfb597'),
(5237, 112, 37, 16, 104, '3849426a1500d6f2c9dbf12856dfb597'),
(5238, 112, 37, 17, 106, '3849426a1500d6f2c9dbf12856dfb597'),
(5239, 112, 37, 18, 108, '3849426a1500d6f2c9dbf12856dfb597'),
(5240, 112, 37, 19, 110, '3849426a1500d6f2c9dbf12856dfb597'),
(5241, 112, 37, 20, 112, '3849426a1500d6f2c9dbf12856dfb597'),
(5242, 112, 37, 21, 114, '3849426a1500d6f2c9dbf12856dfb597'),
(5243, 112, 37, 22, 116, '3849426a1500d6f2c9dbf12856dfb597'),
(5244, 112, 37, 23, 118, '3849426a1500d6f2c9dbf12856dfb597'),
(5245, 112, 37, 24, 120, '3849426a1500d6f2c9dbf12856dfb597'),
(5246, 112, 37, 25, 122, '3849426a1500d6f2c9dbf12856dfb597'),
(5247, 112, 37, 26, 124, '3849426a1500d6f2c9dbf12856dfb597'),
(5248, 112, 37, 27, 126, '3849426a1500d6f2c9dbf12856dfb597'),
(5249, 112, 37, 28, 128, '3849426a1500d6f2c9dbf12856dfb597'),
(5250, 112, 37, 29, 130, '3849426a1500d6f2c9dbf12856dfb597'),
(5251, 112, 37, 30, 132, '3849426a1500d6f2c9dbf12856dfb597'),
(5252, 112, 37, 31, 134, '3849426a1500d6f2c9dbf12856dfb597'),
(5253, 112, 37, 32, 136, '3849426a1500d6f2c9dbf12856dfb597'),
(5254, 112, 37, 33, 138, '3849426a1500d6f2c9dbf12856dfb597'),
(5255, 112, 37, 34, 140, '3849426a1500d6f2c9dbf12856dfb597'),
(5256, 112, 37, 35, 142, '3849426a1500d6f2c9dbf12856dfb597'),
(5257, 112, 37, 36, 144, '3849426a1500d6f2c9dbf12856dfb597'),
(5258, 112, 37, 37, 146, '3849426a1500d6f2c9dbf12856dfb597'),
(5259, 112, 37, 38, 148, '3849426a1500d6f2c9dbf12856dfb597'),
(5260, 112, 37, 39, 150, '3849426a1500d6f2c9dbf12856dfb597'),
(5261, 112, 37, 40, 152, '3849426a1500d6f2c9dbf12856dfb597'),
(5262, 112, 37, 41, 154, '3849426a1500d6f2c9dbf12856dfb597'),
(5263, 112, 37, 42, 156, '3849426a1500d6f2c9dbf12856dfb597'),
(5264, 112, 37, 43, 158, '3849426a1500d6f2c9dbf12856dfb597'),
(5265, 112, 37, 44, 160, '3849426a1500d6f2c9dbf12856dfb597'),
(5266, 112, 37, 45, 162, '3849426a1500d6f2c9dbf12856dfb597'),
(5267, 112, 37, 46, 164, '3849426a1500d6f2c9dbf12856dfb597'),
(5268, 112, 37, 47, 166, '3849426a1500d6f2c9dbf12856dfb597'),
(5269, 112, 37, 48, 168, '3849426a1500d6f2c9dbf12856dfb597'),
(5270, 112, 37, 49, 170, '3849426a1500d6f2c9dbf12856dfb597'),
(5271, 112, 37, 50, 172, '3849426a1500d6f2c9dbf12856dfb597'),
(5272, 112, 37, 51, 174, '3849426a1500d6f2c9dbf12856dfb597'),
(5273, 112, 37, 52, 176, '3849426a1500d6f2c9dbf12856dfb597'),
(5274, 112, 37, 53, 178, '3849426a1500d6f2c9dbf12856dfb597'),
(5275, 112, 37, 54, 180, '3849426a1500d6f2c9dbf12856dfb597'),
(5276, 112, 37, 55, 182, '3849426a1500d6f2c9dbf12856dfb597'),
(5277, 112, 37, 56, 184, '3849426a1500d6f2c9dbf12856dfb597'),
(5278, 112, 37, 57, 186, '3849426a1500d6f2c9dbf12856dfb597'),
(5279, 112, 37, 58, 188, '3849426a1500d6f2c9dbf12856dfb597'),
(5280, 112, 37, 59, 190, '3849426a1500d6f2c9dbf12856dfb597'),
(5281, 112, 37, 60, 192, '3849426a1500d6f2c9dbf12856dfb597'),
(5282, 112, 37, 61, 194, '3849426a1500d6f2c9dbf12856dfb597'),
(5283, 112, 37, 62, 196, '3849426a1500d6f2c9dbf12856dfb597'),
(5284, 112, 37, 63, 198, '3849426a1500d6f2c9dbf12856dfb597'),
(5285, 112, 37, 64, 200, '3849426a1500d6f2c9dbf12856dfb597'),
(5286, 112, 37, 65, 202, '3849426a1500d6f2c9dbf12856dfb597'),
(5287, 112, 37, 66, 204, '3849426a1500d6f2c9dbf12856dfb597'),
(5288, 112, 37, 67, 206, '3849426a1500d6f2c9dbf12856dfb597'),
(5289, 112, 37, 68, 208, '3849426a1500d6f2c9dbf12856dfb597'),
(5290, 113, 37, 1, 68, '55f3cc1633f8b6f7858ebf30c17c0d5f'),
(5291, 113, 37, 2, 70, '55f3cc1633f8b6f7858ebf30c17c0d5f'),
(5292, 113, 37, 3, 72, '55f3cc1633f8b6f7858ebf30c17c0d5f'),
(5293, 113, 37, 4, 74, '55f3cc1633f8b6f7858ebf30c17c0d5f'),
(5294, 113, 37, 5, 80, '55f3cc1633f8b6f7858ebf30c17c0d5f'),
(5295, 113, 37, 6, 82, '55f3cc1633f8b6f7858ebf30c17c0d5f'),
(5296, 113, 37, 7, 84, '55f3cc1633f8b6f7858ebf30c17c0d5f'),
(5297, 113, 37, 8, 86, '55f3cc1633f8b6f7858ebf30c17c0d5f'),
(5298, 113, 37, 9, 88, '55f3cc1633f8b6f7858ebf30c17c0d5f'),
(5299, 113, 37, 10, 90, '55f3cc1633f8b6f7858ebf30c17c0d5f'),
(5300, 113, 37, 11, 92, '55f3cc1633f8b6f7858ebf30c17c0d5f'),
(5301, 113, 37, 12, 94, '55f3cc1633f8b6f7858ebf30c17c0d5f'),
(5302, 113, 37, 13, 96, '55f3cc1633f8b6f7858ebf30c17c0d5f'),
(5303, 113, 37, 14, 98, '55f3cc1633f8b6f7858ebf30c17c0d5f'),
(5304, 113, 37, 15, 103, '55f3cc1633f8b6f7858ebf30c17c0d5f'),
(5305, 113, 37, 16, 105, '55f3cc1633f8b6f7858ebf30c17c0d5f'),
(5306, 113, 37, 17, 107, '55f3cc1633f8b6f7858ebf30c17c0d5f'),
(5307, 113, 37, 18, 109, '55f3cc1633f8b6f7858ebf30c17c0d5f'),
(5308, 113, 37, 19, 111, '55f3cc1633f8b6f7858ebf30c17c0d5f'),
(5309, 113, 37, 20, 113, '55f3cc1633f8b6f7858ebf30c17c0d5f'),
(5310, 113, 37, 21, 115, '55f3cc1633f8b6f7858ebf30c17c0d5f'),
(5311, 113, 37, 22, 117, '55f3cc1633f8b6f7858ebf30c17c0d5f'),
(5312, 113, 37, 23, 119, '55f3cc1633f8b6f7858ebf30c17c0d5f'),
(5313, 113, 37, 24, 121, '55f3cc1633f8b6f7858ebf30c17c0d5f'),
(5314, 113, 37, 25, 123, '55f3cc1633f8b6f7858ebf30c17c0d5f'),
(5315, 113, 37, 26, 125, '55f3cc1633f8b6f7858ebf30c17c0d5f'),
(5316, 113, 37, 27, 127, '55f3cc1633f8b6f7858ebf30c17c0d5f'),
(5317, 113, 37, 28, 129, '55f3cc1633f8b6f7858ebf30c17c0d5f'),
(5318, 113, 37, 29, 131, '55f3cc1633f8b6f7858ebf30c17c0d5f'),
(5319, 113, 37, 30, 133, '55f3cc1633f8b6f7858ebf30c17c0d5f'),
(5320, 113, 37, 31, 135, '55f3cc1633f8b6f7858ebf30c17c0d5f'),
(5321, 113, 37, 32, 137, '55f3cc1633f8b6f7858ebf30c17c0d5f'),
(5322, 113, 37, 33, 139, '55f3cc1633f8b6f7858ebf30c17c0d5f'),
(5323, 113, 37, 34, 141, '55f3cc1633f8b6f7858ebf30c17c0d5f'),
(5324, 113, 37, 35, 143, '55f3cc1633f8b6f7858ebf30c17c0d5f'),
(5325, 113, 37, 36, 145, '55f3cc1633f8b6f7858ebf30c17c0d5f'),
(5326, 113, 37, 37, 147, '55f3cc1633f8b6f7858ebf30c17c0d5f'),
(5327, 113, 37, 38, 149, '55f3cc1633f8b6f7858ebf30c17c0d5f'),
(5328, 113, 37, 39, 151, '55f3cc1633f8b6f7858ebf30c17c0d5f'),
(5329, 113, 37, 40, 153, '55f3cc1633f8b6f7858ebf30c17c0d5f'),
(5330, 113, 37, 41, 155, '55f3cc1633f8b6f7858ebf30c17c0d5f'),
(5331, 113, 37, 42, 157, '55f3cc1633f8b6f7858ebf30c17c0d5f'),
(5332, 113, 37, 43, 159, '55f3cc1633f8b6f7858ebf30c17c0d5f'),
(5333, 113, 37, 44, 161, '55f3cc1633f8b6f7858ebf30c17c0d5f'),
(5334, 113, 37, 45, 163, '55f3cc1633f8b6f7858ebf30c17c0d5f'),
(5335, 113, 37, 46, 165, '55f3cc1633f8b6f7858ebf30c17c0d5f'),
(5336, 113, 37, 47, 167, '55f3cc1633f8b6f7858ebf30c17c0d5f'),
(5337, 113, 37, 48, 169, '55f3cc1633f8b6f7858ebf30c17c0d5f'),
(5338, 113, 37, 49, 171, '55f3cc1633f8b6f7858ebf30c17c0d5f'),
(5339, 113, 37, 50, 173, '55f3cc1633f8b6f7858ebf30c17c0d5f'),
(5340, 113, 37, 51, 175, '55f3cc1633f8b6f7858ebf30c17c0d5f'),
(5341, 113, 37, 52, 177, '55f3cc1633f8b6f7858ebf30c17c0d5f'),
(5342, 113, 37, 53, 179, '55f3cc1633f8b6f7858ebf30c17c0d5f'),
(5343, 113, 37, 54, 181, '55f3cc1633f8b6f7858ebf30c17c0d5f'),
(5344, 113, 37, 55, 183, '55f3cc1633f8b6f7858ebf30c17c0d5f'),
(5345, 113, 37, 56, 185, '55f3cc1633f8b6f7858ebf30c17c0d5f'),
(5346, 113, 37, 57, 187, '55f3cc1633f8b6f7858ebf30c17c0d5f'),
(5347, 113, 37, 58, 189, '55f3cc1633f8b6f7858ebf30c17c0d5f'),
(5348, 113, 37, 59, 191, '55f3cc1633f8b6f7858ebf30c17c0d5f'),
(5349, 113, 37, 60, 193, '55f3cc1633f8b6f7858ebf30c17c0d5f'),
(5350, 113, 37, 61, 195, '55f3cc1633f8b6f7858ebf30c17c0d5f'),
(5351, 113, 37, 62, 197, '55f3cc1633f8b6f7858ebf30c17c0d5f'),
(5352, 113, 37, 63, 199, '55f3cc1633f8b6f7858ebf30c17c0d5f'),
(5353, 113, 37, 64, 201, '55f3cc1633f8b6f7858ebf30c17c0d5f'),
(5354, 113, 37, 65, 203, '55f3cc1633f8b6f7858ebf30c17c0d5f'),
(5355, 113, 37, 66, 205, '55f3cc1633f8b6f7858ebf30c17c0d5f'),
(5356, 113, 37, 67, 207, '55f3cc1633f8b6f7858ebf30c17c0d5f'),
(5357, 113, 37, 68, 209, '55f3cc1633f8b6f7858ebf30c17c0d5f'),
(6225, 119, 1, 1, 13, '6a1115cbac847d04f2bbb0fcf560acdf'),
(6226, 119, 1, 2, 16, '6a1115cbac847d04f2bbb0fcf560acdf'),
(6227, 119, 1, 3, 17, '6a1115cbac847d04f2bbb0fcf560acdf'),
(6228, 119, 1, 4, 19, '6a1115cbac847d04f2bbb0fcf560acdf'),
(6229, 119, 1, 5, 21, '6a1115cbac847d04f2bbb0fcf560acdf'),
(6230, 119, 1, 6, 24, '6a1115cbac847d04f2bbb0fcf560acdf'),
(6231, 119, 1, 7, 25, '6a1115cbac847d04f2bbb0fcf560acdf'),
(6232, 119, 1, 8, 27, '6a1115cbac847d04f2bbb0fcf560acdf'),
(6233, 119, 1, 9, 29, '6a1115cbac847d04f2bbb0fcf560acdf'),
(6234, 119, 1, 10, 32, '6a1115cbac847d04f2bbb0fcf560acdf'),
(6235, 119, 1, 11, 214, '6a1115cbac847d04f2bbb0fcf560acdf'),
(6236, 119, 1, 12, 217, '6a1115cbac847d04f2bbb0fcf560acdf'),
(6237, 119, 1, 13, 219, '6a1115cbac847d04f2bbb0fcf560acdf'),
(6238, 119, 1, 14, 220, '6a1115cbac847d04f2bbb0fcf560acdf'),
(6239, 119, 1, 15, 222, '6a1115cbac847d04f2bbb0fcf560acdf'),
(6240, 119, 1, 16, 225, '6a1115cbac847d04f2bbb0fcf560acdf'),
(6241, 119, 1, 17, 226, '6a1115cbac847d04f2bbb0fcf560acdf'),
(6242, 119, 1, 18, 229, '6a1115cbac847d04f2bbb0fcf560acdf'),
(6243, 119, 1, 19, 230, '6a1115cbac847d04f2bbb0fcf560acdf'),
(6244, 119, 1, 20, 232, '6a1115cbac847d04f2bbb0fcf560acdf'),
(6245, 119, 1, 21, 235, '6a1115cbac847d04f2bbb0fcf560acdf'),
(6246, 119, 1, 22, 237, '6a1115cbac847d04f2bbb0fcf560acdf'),
(6247, 119, 1, 23, 238, '6a1115cbac847d04f2bbb0fcf560acdf'),
(6248, 119, 1, 24, 241, '6a1115cbac847d04f2bbb0fcf560acdf'),
(6249, 119, 1, 25, 242, '6a1115cbac847d04f2bbb0fcf560acdf'),
(6250, 119, 1, 26, 245, '6a1115cbac847d04f2bbb0fcf560acdf'),
(6251, 119, 1, 27, 246, '6a1115cbac847d04f2bbb0fcf560acdf'),
(6252, 119, 1, 28, 248, '6a1115cbac847d04f2bbb0fcf560acdf'),
(6253, 119, 1, 29, 250, '6a1115cbac847d04f2bbb0fcf560acdf'),
(6254, 119, 1, 30, 253, '6a1115cbac847d04f2bbb0fcf560acdf'),
(6361, 123, 1, 1, 13, 'd21954950cf5da1938bae108fa660aba'),
(6364, 124, 37, 1, 68, '366349cf24b48ec69ea8d5ff4dcf84b9'),
(6366, 124, 37, 2, 69, '366349cf24b48ec69ea8d5ff4dcf84b9'),
(6368, 124, 37, 3, 72, '366349cf24b48ec69ea8d5ff4dcf84b9'),
(6370, 124, 37, 4, 73, '366349cf24b48ec69ea8d5ff4dcf84b9'),
(6372, 124, 37, 5, 79, '366349cf24b48ec69ea8d5ff4dcf84b9'),
(6374, 124, 37, 6, 82, '366349cf24b48ec69ea8d5ff4dcf84b9'),
(6375, 124, 37, 7, 84, '5c54907dc6d43f0e086a540deee919ac'),
(6378, 124, 37, 8, 86, '5c54907dc6d43f0e086a540deee919ac'),
(6380, 124, 37, 9, 87, '5c54907dc6d43f0e086a540deee919ac'),
(6381, 124, 37, 10, 89, '5c54907dc6d43f0e086a540deee919ac'),
(6382, 124, 37, 11, 91, '5c54907dc6d43f0e086a540deee919ac'),
(6383, 124, 37, 12, 94, '5c54907dc6d43f0e086a540deee919ac'),
(6384, 124, 37, 13, 95, '5c54907dc6d43f0e086a540deee919ac'),
(6385, 124, 37, 14, 98, '5c54907dc6d43f0e086a540deee919ac'),
(6387, 124, 37, 15, 103, '5c54907dc6d43f0e086a540deee919ac'),
(6388, 124, 37, 16, 104, '5c54907dc6d43f0e086a540deee919ac'),
(6389, 124, 37, 17, 107, '5c54907dc6d43f0e086a540deee919ac'),
(6390, 124, 37, 18, 108, '5c54907dc6d43f0e086a540deee919ac'),
(6391, 124, 37, 19, 111, '5c54907dc6d43f0e086a540deee919ac'),
(6392, 124, 37, 20, 112, '5c54907dc6d43f0e086a540deee919ac'),
(6393, 124, 37, 21, 115, '5c54907dc6d43f0e086a540deee919ac'),
(6394, 124, 37, 22, 117, '5c54907dc6d43f0e086a540deee919ac'),
(6395, 124, 37, 23, 118, '5c54907dc6d43f0e086a540deee919ac'),
(6396, 124, 37, 24, 121, '5c54907dc6d43f0e086a540deee919ac'),
(6397, 124, 37, 25, 122, '5c54907dc6d43f0e086a540deee919ac'),
(6398, 124, 37, 26, 125, '5c54907dc6d43f0e086a540deee919ac'),
(6399, 124, 37, 27, 127, '5c54907dc6d43f0e086a540deee919ac'),
(6400, 124, 37, 28, 129, '5c54907dc6d43f0e086a540deee919ac'),
(6401, 124, 37, 29, 130, '5c54907dc6d43f0e086a540deee919ac'),
(6402, 124, 37, 30, 132, '5c54907dc6d43f0e086a540deee919ac'),
(6403, 124, 37, 31, 134, '5c54907dc6d43f0e086a540deee919ac'),
(6404, 124, 37, 32, 137, '5c54907dc6d43f0e086a540deee919ac'),
(6405, 124, 37, 33, 139, '5c54907dc6d43f0e086a540deee919ac'),
(6406, 124, 37, 34, 141, '5c54907dc6d43f0e086a540deee919ac'),
(6407, 124, 37, 35, 143, '5c54907dc6d43f0e086a540deee919ac'),
(6408, 124, 37, 36, 145, '5c54907dc6d43f0e086a540deee919ac'),
(6409, 124, 37, 37, 146, '5c54907dc6d43f0e086a540deee919ac'),
(6410, 124, 37, 38, 148, '5c54907dc6d43f0e086a540deee919ac'),
(6411, 124, 37, 39, 151, '5c54907dc6d43f0e086a540deee919ac'),
(6412, 124, 37, 40, 152, '5c54907dc6d43f0e086a540deee919ac'),
(6413, 124, 37, 41, 155, '5c54907dc6d43f0e086a540deee919ac'),
(6414, 124, 37, 42, 157, '5c54907dc6d43f0e086a540deee919ac'),
(6415, 124, 37, 43, 158, '5c54907dc6d43f0e086a540deee919ac'),
(6416, 124, 37, 44, 160, '5c54907dc6d43f0e086a540deee919ac'),
(6417, 124, 37, 45, 163, '5c54907dc6d43f0e086a540deee919ac'),
(6418, 124, 37, 46, 164, '5c54907dc6d43f0e086a540deee919ac'),
(6419, 124, 37, 47, 166, '5c54907dc6d43f0e086a540deee919ac'),
(6420, 124, 37, 48, 169, '5c54907dc6d43f0e086a540deee919ac'),
(6421, 124, 37, 49, 170, '5c54907dc6d43f0e086a540deee919ac'),
(6422, 124, 37, 50, 173, '5c54907dc6d43f0e086a540deee919ac'),
(6423, 124, 37, 51, 174, '5c54907dc6d43f0e086a540deee919ac'),
(6424, 124, 37, 52, 176, '5c54907dc6d43f0e086a540deee919ac'),
(6425, 124, 37, 53, 178, '5c54907dc6d43f0e086a540deee919ac'),
(6426, 124, 37, 54, 181, '5c54907dc6d43f0e086a540deee919ac'),
(6427, 124, 37, 55, 183, '5c54907dc6d43f0e086a540deee919ac'),
(6428, 124, 37, 56, 184, '5c54907dc6d43f0e086a540deee919ac'),
(6429, 124, 37, 57, 187, '5c54907dc6d43f0e086a540deee919ac'),
(6430, 124, 37, 58, 188, '5c54907dc6d43f0e086a540deee919ac'),
(6431, 124, 37, 59, 190, '5c54907dc6d43f0e086a540deee919ac'),
(6432, 124, 37, 60, 193, '5c54907dc6d43f0e086a540deee919ac'),
(6433, 124, 37, 61, 194, '5c54907dc6d43f0e086a540deee919ac'),
(6434, 124, 37, 62, 196, '5c54907dc6d43f0e086a540deee919ac'),
(6435, 124, 37, 63, 199, '5c54907dc6d43f0e086a540deee919ac'),
(6436, 124, 37, 64, 200, '5c54907dc6d43f0e086a540deee919ac'),
(6437, 124, 37, 65, 202, '5c54907dc6d43f0e086a540deee919ac'),
(6438, 124, 37, 66, 204, '5c54907dc6d43f0e086a540deee919ac'),
(6439, 124, 37, 67, 206, '5c54907dc6d43f0e086a540deee919ac'),
(6440, 124, 37, 68, 209, '5c54907dc6d43f0e086a540deee919ac'),
(6441, 124, 37, 69, 210, '5c54907dc6d43f0e086a540deee919ac'),
(6442, 124, 1, 1, 13, '5c54907dc6d43f0e086a540deee919ac'),
(6443, 124, 1, 2, 16, '5c54907dc6d43f0e086a540deee919ac'),
(6444, 124, 1, 3, 17, '5c54907dc6d43f0e086a540deee919ac'),
(6445, 124, 1, 4, 19, '5c54907dc6d43f0e086a540deee919ac'),
(6446, 124, 1, 5, 21, '5c54907dc6d43f0e086a540deee919ac'),
(6447, 124, 1, 6, 24, '5c54907dc6d43f0e086a540deee919ac'),
(6448, 124, 1, 7, 25, '5c54907dc6d43f0e086a540deee919ac'),
(6449, 124, 1, 8, 27, '5c54907dc6d43f0e086a540deee919ac'),
(6450, 124, 1, 9, 29, '5c54907dc6d43f0e086a540deee919ac'),
(6451, 124, 1, 10, 32, '5c54907dc6d43f0e086a540deee919ac'),
(6452, 124, 1, 11, 214, '5c54907dc6d43f0e086a540deee919ac'),
(6453, 124, 1, 12, 217, '5c54907dc6d43f0e086a540deee919ac'),
(6454, 124, 1, 13, 218, '5c54907dc6d43f0e086a540deee919ac'),
(6455, 124, 1, 14, 221, '5c54907dc6d43f0e086a540deee919ac'),
(6456, 124, 1, 15, 223, '5c54907dc6d43f0e086a540deee919ac'),
(6457, 124, 1, 16, 225, '5c54907dc6d43f0e086a540deee919ac'),
(6458, 124, 1, 17, 226, '5c54907dc6d43f0e086a540deee919ac'),
(6459, 124, 1, 18, 228, '5c54907dc6d43f0e086a540deee919ac'),
(6460, 124, 1, 19, 231, '5c54907dc6d43f0e086a540deee919ac'),
(6461, 124, 1, 20, 233, '5c54907dc6d43f0e086a540deee919ac'),
(6462, 124, 1, 21, 234, '5c54907dc6d43f0e086a540deee919ac'),
(6463, 124, 1, 22, 237, '5c54907dc6d43f0e086a540deee919ac'),
(6464, 124, 1, 23, 238, '5c54907dc6d43f0e086a540deee919ac'),
(6465, 124, 1, 24, 241, '5c54907dc6d43f0e086a540deee919ac'),
(6466, 124, 1, 25, 242, '5c54907dc6d43f0e086a540deee919ac'),
(6467, 124, 1, 26, 245, '5c54907dc6d43f0e086a540deee919ac'),
(6468, 124, 1, 27, 246, '5c54907dc6d43f0e086a540deee919ac'),
(6469, 124, 1, 28, 249, '5c54907dc6d43f0e086a540deee919ac'),
(6470, 124, 1, 29, 250, '5c54907dc6d43f0e086a540deee919ac'),
(6471, 124, 1, 30, 253, '5c54907dc6d43f0e086a540deee919ac'),
(6566, 127, 1, 29, 250, '015a60f09da0217b2251b6aa677f9e3d'),
(6567, 127, 1, 30, 252, '015a60f09da0217b2251b6aa677f9e3d'),
(6568, 127, 1, 31, 255, '7a87a02eed8b5acb795401e1e56a5b8c'),
(6640, 127, 37, 64, 201, '5346067d0962c559c65a564f0678fc11'),
(6643, 127, 37, 65, 202, 'aaa0f0d89eb60983812fc1039a5ba1e2'),
(6645, 127, 37, 66, 204, 'aaa0f0d89eb60983812fc1039a5ba1e2'),
(6647, 127, 37, 67, 206, 'aaa0f0d89eb60983812fc1039a5ba1e2'),
(6648, 127, 37, 68, 209, 'aaa0f0d89eb60983812fc1039a5ba1e2'),
(6774, 128, 1, 29, 251, '952088eb3027eb09a0d9c1097c2fd800'),
(6775, 128, 1, 30, 252, '952088eb3027eb09a0d9c1097c2fd800'),
(6780, 128, 1, 31, 255, '952088eb3027eb09a0d9c1097c2fd800'),
(6873, 122, 37, 33, 139, '47994ccbdc0aaabff96203a510e9a85f'),
(6874, 122, 37, 34, 140, '47994ccbdc0aaabff96203a510e9a85f'),
(6875, 122, 37, 35, 143, '47994ccbdc0aaabff96203a510e9a85f'),
(6876, 122, 37, 36, 144, '47994ccbdc0aaabff96203a510e9a85f'),
(6877, 122, 37, 37, 147, '47994ccbdc0aaabff96203a510e9a85f'),
(6878, 122, 37, 38, 148, '47994ccbdc0aaabff96203a510e9a85f'),
(6879, 122, 37, 39, 151, '47994ccbdc0aaabff96203a510e9a85f'),
(6880, 122, 37, 40, 152, '47994ccbdc0aaabff96203a510e9a85f'),
(6881, 122, 37, 41, 154, '47994ccbdc0aaabff96203a510e9a85f'),
(6882, 122, 37, 42, 157, '47994ccbdc0aaabff96203a510e9a85f'),
(6883, 122, 37, 43, 158, '47994ccbdc0aaabff96203a510e9a85f'),
(6884, 122, 37, 44, 161, '47994ccbdc0aaabff96203a510e9a85f'),
(6885, 122, 37, 45, 162, '47994ccbdc0aaabff96203a510e9a85f'),
(6886, 122, 37, 46, 165, '47994ccbdc0aaabff96203a510e9a85f'),
(6887, 122, 37, 47, 166, '47994ccbdc0aaabff96203a510e9a85f'),
(6888, 122, 37, 48, 169, '47994ccbdc0aaabff96203a510e9a85f'),
(6889, 122, 37, 49, 170, '47994ccbdc0aaabff96203a510e9a85f'),
(6890, 122, 37, 50, 173, '47994ccbdc0aaabff96203a510e9a85f'),
(6891, 122, 37, 51, 174, '47994ccbdc0aaabff96203a510e9a85f'),
(6892, 122, 37, 52, 177, '47994ccbdc0aaabff96203a510e9a85f'),
(6893, 122, 37, 53, 178, '47994ccbdc0aaabff96203a510e9a85f'),
(6894, 122, 37, 54, 181, '47994ccbdc0aaabff96203a510e9a85f'),
(6895, 122, 37, 55, 182, '47994ccbdc0aaabff96203a510e9a85f'),
(6896, 122, 37, 56, 184, '47994ccbdc0aaabff96203a510e9a85f'),
(6897, 122, 37, 57, 187, '47994ccbdc0aaabff96203a510e9a85f'),
(6898, 122, 37, 58, 188, '47994ccbdc0aaabff96203a510e9a85f'),
(6899, 122, 37, 59, 190, '47994ccbdc0aaabff96203a510e9a85f'),
(6900, 122, 37, 60, 193, '47994ccbdc0aaabff96203a510e9a85f'),
(6901, 122, 37, 61, 194, '47994ccbdc0aaabff96203a510e9a85f'),
(6902, 122, 37, 62, 196, '47994ccbdc0aaabff96203a510e9a85f'),
(6903, 122, 37, 63, 198, '47994ccbdc0aaabff96203a510e9a85f'),
(6904, 122, 37, 64, 201, '47994ccbdc0aaabff96203a510e9a85f'),
(6905, 122, 37, 65, 202, '47994ccbdc0aaabff96203a510e9a85f'),
(6906, 122, 37, 66, 205, '47994ccbdc0aaabff96203a510e9a85f'),
(6907, 122, 37, 67, 206, '47994ccbdc0aaabff96203a510e9a85f'),
(6908, 122, 37, 68, 209, '47994ccbdc0aaabff96203a510e9a85f'),
(6910, 121, 1, 1, 13, 'b3055c63708a3ba3f9ab0b7807df0f35'),
(6911, 121, 1, 2, 16, 'b3055c63708a3ba3f9ab0b7807df0f35'),
(6912, 121, 1, 3, 17, 'b3055c63708a3ba3f9ab0b7807df0f35'),
(6913, 121, 1, 4, 19, 'b3055c63708a3ba3f9ab0b7807df0f35'),
(6914, 121, 1, 5, 21, 'b3055c63708a3ba3f9ab0b7807df0f35'),
(6916, 121, 1, 6, 24, 'b3055c63708a3ba3f9ab0b7807df0f35'),
(6919, 121, 1, 7, 25, 'b3055c63708a3ba3f9ab0b7807df0f35'),
(6920, 121, 1, 8, 28, 'b3055c63708a3ba3f9ab0b7807df0f35'),
(6921, 121, 1, 9, 30, 'b3055c63708a3ba3f9ab0b7807df0f35'),
(6922, 121, 1, 10, 32, 'b3055c63708a3ba3f9ab0b7807df0f35'),
(6923, 121, 1, 11, 215, 'b3055c63708a3ba3f9ab0b7807df0f35'),
(6924, 121, 1, 12, 217, 'b3055c63708a3ba3f9ab0b7807df0f35'),
(6926, 121, 1, 13, 218, 'b3055c63708a3ba3f9ab0b7807df0f35'),
(6927, 121, 1, 14, 220, 'b3055c63708a3ba3f9ab0b7807df0f35'),
(6929, 121, 1, 15, 223, 'b3055c63708a3ba3f9ab0b7807df0f35'),
(6931, 121, 1, 16, 224, 'b3055c63708a3ba3f9ab0b7807df0f35'),
(6932, 121, 1, 17, 227, 'b3055c63708a3ba3f9ab0b7807df0f35'),
(6934, 121, 1, 18, 228, 'b3055c63708a3ba3f9ab0b7807df0f35'),
(6935, 121, 1, 19, 230, 'b3055c63708a3ba3f9ab0b7807df0f35'),
(6937, 121, 1, 20, 232, 'b3055c63708a3ba3f9ab0b7807df0f35'),
(6938, 121, 1, 21, 234, 'b3055c63708a3ba3f9ab0b7807df0f35'),
(6941, 121, 1, 22, 236, 'b3055c63708a3ba3f9ab0b7807df0f35'),
(6943, 121, 1, 23, 239, 'b3055c63708a3ba3f9ab0b7807df0f35'),
(6944, 121, 1, 24, 241, 'b3055c63708a3ba3f9ab0b7807df0f35'),
(6945, 121, 1, 25, 242, 'b3055c63708a3ba3f9ab0b7807df0f35'),
(6946, 121, 1, 26, 245, 'b3055c63708a3ba3f9ab0b7807df0f35'),
(6947, 121, 1, 27, 246, 'b3055c63708a3ba3f9ab0b7807df0f35'),
(6948, 121, 1, 28, 249, 'b3055c63708a3ba3f9ab0b7807df0f35'),
(6951, 121, 1, 29, 250, 'b3055c63708a3ba3f9ab0b7807df0f35'),
(6952, 121, 1, 30, 253, 'b3055c63708a3ba3f9ab0b7807df0f35'),
(6955, 121, 1, 31, 255, 'b3055c63708a3ba3f9ab0b7807df0f35'),
(7316, 120, 37, 49, 170, '827e5342d77daa9bdd2abcbc08ed3fe7'),
(7318, 120, 37, 50, 173, '827e5342d77daa9bdd2abcbc08ed3fe7'),
(7320, 120, 37, 51, 174, '827e5342d77daa9bdd2abcbc08ed3fe7'),
(7321, 120, 37, 52, 176, '827e5342d77daa9bdd2abcbc08ed3fe7'),
(7322, 120, 37, 53, 178, '827e5342d77daa9bdd2abcbc08ed3fe7'),
(7323, 120, 37, 54, 180, '827e5342d77daa9bdd2abcbc08ed3fe7'),
(7324, 120, 37, 55, 182, '827e5342d77daa9bdd2abcbc08ed3fe7'),
(7325, 120, 37, 56, 184, '827e5342d77daa9bdd2abcbc08ed3fe7'),
(7326, 120, 37, 57, 186, '827e5342d77daa9bdd2abcbc08ed3fe7'),
(7327, 120, 37, 58, 188, '827e5342d77daa9bdd2abcbc08ed3fe7'),
(7328, 120, 37, 59, 190, '827e5342d77daa9bdd2abcbc08ed3fe7'),
(7329, 120, 37, 60, 192, '827e5342d77daa9bdd2abcbc08ed3fe7'),
(7330, 120, 37, 61, 194, '827e5342d77daa9bdd2abcbc08ed3fe7'),
(7331, 120, 37, 62, 196, '827e5342d77daa9bdd2abcbc08ed3fe7'),
(7332, 120, 37, 63, 198, '827e5342d77daa9bdd2abcbc08ed3fe7'),
(7333, 120, 37, 64, 201, '827e5342d77daa9bdd2abcbc08ed3fe7'),
(7334, 120, 37, 65, 202, '827e5342d77daa9bdd2abcbc08ed3fe7'),
(7335, 120, 37, 66, 204, '827e5342d77daa9bdd2abcbc08ed3fe7'),
(7336, 120, 37, 67, 206, '827e5342d77daa9bdd2abcbc08ed3fe7'),
(7337, 120, 37, 68, 209, '827e5342d77daa9bdd2abcbc08ed3fe7'),
(7383, 121, 37, 35, 142, '1b2859bb92cfa3ab96204608c98700c1'),
(7384, 121, 37, 36, 144, '1b2859bb92cfa3ab96204608c98700c1'),
(7385, 121, 37, 37, 146, '1b2859bb92cfa3ab96204608c98700c1'),
(7386, 121, 37, 38, 148, '1b2859bb92cfa3ab96204608c98700c1'),
(7388, 121, 37, 39, 150, '1b2859bb92cfa3ab96204608c98700c1'),
(7392, 121, 37, 40, 152, '1b2859bb92cfa3ab96204608c98700c1'),
(7394, 121, 37, 41, 155, '1b2859bb92cfa3ab96204608c98700c1'),
(7395, 121, 37, 42, 156, '1b2859bb92cfa3ab96204608c98700c1'),
(7396, 121, 37, 43, 159, '1b2859bb92cfa3ab96204608c98700c1'),
(7397, 121, 37, 44, 160, '1b2859bb92cfa3ab96204608c98700c1'),
(7398, 121, 37, 45, 162, '1b2859bb92cfa3ab96204608c98700c1'),
(7399, 121, 37, 46, 164, '1b2859bb92cfa3ab96204608c98700c1'),
(7400, 121, 37, 47, 167, '1b2859bb92cfa3ab96204608c98700c1'),
(7401, 121, 37, 48, 169, '1b2859bb92cfa3ab96204608c98700c1'),
(7403, 121, 37, 49, 170, '1b2859bb92cfa3ab96204608c98700c1'),
(7406, 121, 37, 50, 172, '1b2859bb92cfa3ab96204608c98700c1'),
(7408, 121, 37, 51, 174, '1b2859bb92cfa3ab96204608c98700c1'),
(7409, 121, 37, 52, 176, '1b2859bb92cfa3ab96204608c98700c1'),
(7410, 121, 37, 53, 178, '1b2859bb92cfa3ab96204608c98700c1'),
(7412, 121, 37, 54, 180, '1b2859bb92cfa3ab96204608c98700c1'),
(7413, 121, 37, 55, 182, '1b2859bb92cfa3ab96204608c98700c1'),
(7414, 121, 37, 56, 184, '1b2859bb92cfa3ab96204608c98700c1'),
(7415, 121, 37, 57, 187, '1b2859bb92cfa3ab96204608c98700c1'),
(7416, 121, 37, 58, 189, '1b2859bb92cfa3ab96204608c98700c1'),
(7417, 121, 37, 59, 190, '1b2859bb92cfa3ab96204608c98700c1'),
(7419, 121, 37, 60, 193, '1b2859bb92cfa3ab96204608c98700c1'),
(7420, 121, 37, 61, 195, '1b2859bb92cfa3ab96204608c98700c1'),
(7421, 121, 37, 62, 196, '1b2859bb92cfa3ab96204608c98700c1'),
(7422, 121, 37, 63, 198, '1b2859bb92cfa3ab96204608c98700c1'),
(7424, 121, 37, 64, 200, '1b2859bb92cfa3ab96204608c98700c1'),
(7425, 121, 37, 65, 203, '1b2859bb92cfa3ab96204608c98700c1'),
(7426, 121, 37, 66, 204, '1b2859bb92cfa3ab96204608c98700c1'),
(7428, 121, 37, 67, 207, '1b2859bb92cfa3ab96204608c98700c1'),
(7429, 121, 37, 68, 208, '1b2859bb92cfa3ab96204608c98700c1'),
(7549, 134, 1, 1, 13, '4424b4d1fa712b30bf398539948c7a7c'),
(7550, 134, 1, 2, 16, '4424b4d1fa712b30bf398539948c7a7c'),
(7551, 134, 1, 3, 18, '4424b4d1fa712b30bf398539948c7a7c'),
(7552, 134, 1, 4, 19, '4424b4d1fa712b30bf398539948c7a7c'),
(7553, 134, 1, 5, 21, '4424b4d1fa712b30bf398539948c7a7c'),
(7554, 134, 1, 6, 23, '4424b4d1fa712b30bf398539948c7a7c'),
(7555, 134, 1, 7, 26, '4424b4d1fa712b30bf398539948c7a7c'),
(7556, 134, 1, 8, 28, '4424b4d1fa712b30bf398539948c7a7c'),
(7557, 134, 1, 9, 29, '4424b4d1fa712b30bf398539948c7a7c'),
(7558, 134, 1, 10, 31, '4424b4d1fa712b30bf398539948c7a7c'),
(7559, 134, 1, 11, 215, '4424b4d1fa712b30bf398539948c7a7c'),
(7560, 134, 1, 12, 216, '4424b4d1fa712b30bf398539948c7a7c'),
(7561, 134, 1, 13, 218, '4424b4d1fa712b30bf398539948c7a7c'),
(7562, 134, 1, 14, 221, '4424b4d1fa712b30bf398539948c7a7c'),
(7563, 134, 1, 15, 222, '4424b4d1fa712b30bf398539948c7a7c'),
(7564, 134, 1, 16, 224, '4424b4d1fa712b30bf398539948c7a7c'),
(7565, 134, 1, 17, 226, '4424b4d1fa712b30bf398539948c7a7c'),
(7566, 134, 1, 18, 229, '4424b4d1fa712b30bf398539948c7a7c'),
(7567, 134, 1, 19, 231, '4424b4d1fa712b30bf398539948c7a7c'),
(7568, 134, 1, 20, 232, '4424b4d1fa712b30bf398539948c7a7c'),
(7569, 134, 1, 21, 234, '4424b4d1fa712b30bf398539948c7a7c'),
(7570, 134, 1, 22, 237, '4424b4d1fa712b30bf398539948c7a7c'),
(7571, 134, 1, 23, 239, '4424b4d1fa712b30bf398539948c7a7c'),
(7572, 134, 1, 24, 241, '4424b4d1fa712b30bf398539948c7a7c'),
(7573, 134, 1, 25, 242, '4424b4d1fa712b30bf398539948c7a7c'),
(7574, 134, 1, 26, 244, 'bce194c686697e1da9aa5ea0348e1eaf'),
(7575, 134, 1, 27, 247, 'bce194c686697e1da9aa5ea0348e1eaf'),
(7576, 134, 1, 28, 249, 'bce194c686697e1da9aa5ea0348e1eaf'),
(7577, 134, 1, 29, 250, 'bce194c686697e1da9aa5ea0348e1eaf'),
(7578, 134, 1, 30, 253, 'bce194c686697e1da9aa5ea0348e1eaf'),
(7579, 134, 1, 31, 255, 'bce194c686697e1da9aa5ea0348e1eaf'),
(7619, 133, 1, 10, 31, '0e04f855c7f0540d34b3bcf4e44ac605'),
(7620, 133, 1, 11, 215, '0e04f855c7f0540d34b3bcf4e44ac605'),
(7621, 133, 1, 12, 216, '0e04f855c7f0540d34b3bcf4e44ac605'),
(7622, 133, 1, 13, 219, '0e04f855c7f0540d34b3bcf4e44ac605'),
(7623, 133, 1, 14, 220, '0e04f855c7f0540d34b3bcf4e44ac605'),
(7624, 133, 1, 15, 223, '0e04f855c7f0540d34b3bcf4e44ac605'),
(7625, 133, 1, 16, 224, '0e04f855c7f0540d34b3bcf4e44ac605'),
(7626, 133, 1, 17, 226, '0e04f855c7f0540d34b3bcf4e44ac605'),
(7627, 133, 1, 18, 229, '0e04f855c7f0540d34b3bcf4e44ac605'),
(7628, 133, 1, 19, 230, '0e04f855c7f0540d34b3bcf4e44ac605'),
(7629, 133, 1, 20, 233, '0e04f855c7f0540d34b3bcf4e44ac605'),
(7630, 133, 1, 21, 234, '0e04f855c7f0540d34b3bcf4e44ac605'),
(7631, 133, 1, 22, 237, '0e04f855c7f0540d34b3bcf4e44ac605'),
(7632, 133, 1, 23, 238, '0e04f855c7f0540d34b3bcf4e44ac605'),
(7633, 133, 1, 24, 241, '0e04f855c7f0540d34b3bcf4e44ac605'),
(7634, 133, 1, 25, 242, '0e04f855c7f0540d34b3bcf4e44ac605'),
(7635, 133, 1, 26, 245, '0e04f855c7f0540d34b3bcf4e44ac605'),
(7636, 133, 1, 27, 246, '0e04f855c7f0540d34b3bcf4e44ac605'),
(7637, 133, 1, 28, 249, '0e04f855c7f0540d34b3bcf4e44ac605'),
(7638, 133, 1, 29, 251, '0e04f855c7f0540d34b3bcf4e44ac605'),
(7639, 133, 1, 30, 253, '0e04f855c7f0540d34b3bcf4e44ac605'),
(7671, 135, 1, 18, 228, '5c83fb9391e6bc8053f64cac1ebb8744'),
(7672, 135, 1, 19, 230, '5c83fb9391e6bc8053f64cac1ebb8744'),
(7673, 135, 1, 20, 232, '5c83fb9391e6bc8053f64cac1ebb8744'),
(7674, 135, 1, 21, 234, '5c83fb9391e6bc8053f64cac1ebb8744'),
(7675, 135, 1, 22, 237, '5c83fb9391e6bc8053f64cac1ebb8744'),
(7676, 135, 1, 23, 238, '5c83fb9391e6bc8053f64cac1ebb8744'),
(7677, 135, 1, 24, 240, '5c83fb9391e6bc8053f64cac1ebb8744'),
(7678, 135, 1, 25, 243, '5c83fb9391e6bc8053f64cac1ebb8744'),
(7679, 135, 1, 26, 245, '5c83fb9391e6bc8053f64cac1ebb8744'),
(7680, 135, 1, 27, 246, '5c83fb9391e6bc8053f64cac1ebb8744'),
(7681, 135, 1, 28, 249, '5c83fb9391e6bc8053f64cac1ebb8744'),
(7682, 135, 1, 29, 250, '5c83fb9391e6bc8053f64cac1ebb8744'),
(7683, 135, 1, 30, 252, '5c83fb9391e6bc8053f64cac1ebb8744'),
(7684, 135, 1, 31, 255, '5c83fb9391e6bc8053f64cac1ebb8744'),
(7740, 135, 37, 54, 180, '1f3177ac9c805ddb22f3816c13b7306f'),
(7741, 135, 37, 55, 183, '1f3177ac9c805ddb22f3816c13b7306f'),
(7742, 135, 37, 56, 184, '1f3177ac9c805ddb22f3816c13b7306f'),
(7743, 135, 37, 57, 187, '1f3177ac9c805ddb22f3816c13b7306f'),
(7744, 135, 37, 58, 188, '1f3177ac9c805ddb22f3816c13b7306f'),
(7745, 135, 37, 59, 191, '1f3177ac9c805ddb22f3816c13b7306f'),
(7746, 135, 37, 60, 192, '1f3177ac9c805ddb22f3816c13b7306f'),
(7747, 135, 37, 61, 194, '1f3177ac9c805ddb22f3816c13b7306f'),
(7748, 135, 37, 62, 196, '1f3177ac9c805ddb22f3816c13b7306f'),
(7749, 135, 37, 63, 198, '1f3177ac9c805ddb22f3816c13b7306f'),
(7750, 135, 37, 64, 201, '1f3177ac9c805ddb22f3816c13b7306f'),
(7751, 135, 37, 65, 202, '1f3177ac9c805ddb22f3816c13b7306f'),
(7752, 135, 37, 66, 205, '1f3177ac9c805ddb22f3816c13b7306f'),
(7753, 135, 37, 67, 206, '1f3177ac9c805ddb22f3816c13b7306f'),
(7754, 135, 37, 68, 209, '1f3177ac9c805ddb22f3816c13b7306f'),
(7788, 140, 1, 1, 13, '99789b50ce6c169b35c1fe18027eb99a'),
(7789, 140, 1, 2, 16, '99789b50ce6c169b35c1fe18027eb99a'),
(7790, 140, 1, 3, 18, '99789b50ce6c169b35c1fe18027eb99a'),
(7792, 140, 1, 4, 19, '99789b50ce6c169b35c1fe18027eb99a'),
(7793, 140, 1, 5, 21, '99789b50ce6c169b35c1fe18027eb99a'),
(7794, 140, 1, 6, 24, '99789b50ce6c169b35c1fe18027eb99a'),
(7795, 140, 1, 7, 26, '99789b50ce6c169b35c1fe18027eb99a'),
(7796, 140, 1, 8, 28, '99789b50ce6c169b35c1fe18027eb99a'),
(7797, 140, 1, 9, 30, '99789b50ce6c169b35c1fe18027eb99a'),
(7798, 140, 1, 10, 31, '99789b50ce6c169b35c1fe18027eb99a'),
(7799, 140, 1, 11, 215, '99789b50ce6c169b35c1fe18027eb99a'),
(7801, 140, 1, 12, 216, '99789b50ce6c169b35c1fe18027eb99a'),
(7803, 140, 1, 13, 219, '99789b50ce6c169b35c1fe18027eb99a'),
(7804, 140, 1, 14, 220, '99789b50ce6c169b35c1fe18027eb99a'),
(7806, 140, 1, 15, 222, '99789b50ce6c169b35c1fe18027eb99a'),
(7807, 141, 1, 1, 13, '865605e04e89983f00898e0c63322962'),
(7808, 140, 1, 16, 224, '99789b50ce6c169b35c1fe18027eb99a'),
(7809, 141, 1, 2, 16, '865605e04e89983f00898e0c63322962'),
(7810, 140, 1, 17, 227, '99789b50ce6c169b35c1fe18027eb99a'),
(7811, 141, 1, 3, 18, '865605e04e89983f00898e0c63322962'),
(7812, 140, 1, 18, 228, '99789b50ce6c169b35c1fe18027eb99a'),
(7814, 140, 1, 19, 230, '99789b50ce6c169b35c1fe18027eb99a'),
(7816, 140, 1, 20, 232, '99789b50ce6c169b35c1fe18027eb99a'),
(7818, 140, 1, 21, 234, '99789b50ce6c169b35c1fe18027eb99a'),
(7819, 141, 1, 4, 20, '865605e04e89983f00898e0c63322962'),
(7820, 141, 1, 5, 21, '865605e04e89983f00898e0c63322962'),
(7821, 140, 1, 22, 236, '99789b50ce6c169b35c1fe18027eb99a'),
(7822, 141, 1, 6, 23, '865605e04e89983f00898e0c63322962'),
(7823, 140, 1, 23, 238, '99789b50ce6c169b35c1fe18027eb99a'),
(7824, 141, 1, 7, 26, '865605e04e89983f00898e0c63322962'),
(7825, 140, 1, 24, 241, '99789b50ce6c169b35c1fe18027eb99a'),
(7826, 141, 1, 8, 28, '865605e04e89983f00898e0c63322962'),
(7827, 140, 1, 25, 242, '99789b50ce6c169b35c1fe18027eb99a'),
(7828, 140, 1, 26, 244, '99789b50ce6c169b35c1fe18027eb99a'),
(7829, 141, 1, 9, 30, '865605e04e89983f00898e0c63322962'),
(7830, 140, 1, 27, 247, '99789b50ce6c169b35c1fe18027eb99a'),
(7831, 141, 1, 10, 31, '865605e04e89983f00898e0c63322962'),
(7832, 140, 1, 28, 248, '99789b50ce6c169b35c1fe18027eb99a'),
(7833, 140, 1, 29, 251, '99789b50ce6c169b35c1fe18027eb99a'),
(7834, 140, 1, 30, 253, '99789b50ce6c169b35c1fe18027eb99a'),
(7835, 141, 1, 11, 214, '865605e04e89983f00898e0c63322962'),
(7836, 141, 1, 12, 217, '865605e04e89983f00898e0c63322962'),
(7837, 141, 1, 13, 219, '865605e04e89983f00898e0c63322962'),
(7838, 141, 1, 14, 221, '865605e04e89983f00898e0c63322962'),
(7839, 141, 1, 15, 223, '865605e04e89983f00898e0c63322962'),
(7840, 141, 1, 16, 225, '865605e04e89983f00898e0c63322962'),
(7841, 141, 1, 17, 226, '865605e04e89983f00898e0c63322962'),
(7842, 141, 1, 18, 228, '865605e04e89983f00898e0c63322962'),
(7843, 141, 1, 19, 231, '865605e04e89983f00898e0c63322962'),
(7844, 141, 1, 20, 233, '865605e04e89983f00898e0c63322962'),
(7845, 141, 1, 21, 235, '865605e04e89983f00898e0c63322962'),
(7846, 141, 1, 22, 237, '865605e04e89983f00898e0c63322962'),
(7847, 141, 1, 23, 239, '865605e04e89983f00898e0c63322962'),
(7848, 141, 1, 24, 240, 'f60fd314877aee1b2b637249da5e858e'),
(7849, 141, 1, 25, 242, 'f60fd314877aee1b2b637249da5e858e'),
(7852, 141, 1, 26, 245, 'f60fd314877aee1b2b637249da5e858e'),
(7853, 141, 1, 27, 247, 'f60fd314877aee1b2b637249da5e858e'),
(7856, 141, 1, 28, 248, 'f60fd314877aee1b2b637249da5e858e'),
(7858, 141, 1, 29, 251, 'f60fd314877aee1b2b637249da5e858e'),
(7860, 141, 1, 30, 253, 'f60fd314877aee1b2b637249da5e858e'),
(7983, 139, 37, 1, 67, '237a4ff5c098dad4072b659529792185'),
(7984, 139, 37, 2, 69, '237a4ff5c098dad4072b659529792185'),
(7985, 139, 37, 3, 71, '237a4ff5c098dad4072b659529792185'),
(7986, 139, 37, 4, 73, '237a4ff5c098dad4072b659529792185'),
(7987, 139, 37, 5, 79, '237a4ff5c098dad4072b659529792185'),
(7988, 139, 37, 6, 81, '237a4ff5c098dad4072b659529792185'),
(7989, 139, 37, 7, 83, '237a4ff5c098dad4072b659529792185'),
(7990, 139, 37, 8, 85, '237a4ff5c098dad4072b659529792185'),
(7991, 139, 37, 9, 87, '237a4ff5c098dad4072b659529792185'),
(7992, 139, 37, 10, 89, '237a4ff5c098dad4072b659529792185'),
(7993, 139, 37, 11, 91, '237a4ff5c098dad4072b659529792185'),
(7994, 139, 37, 12, 93, '237a4ff5c098dad4072b659529792185'),
(7995, 139, 37, 13, 96, '237a4ff5c098dad4072b659529792185'),
(7996, 139, 37, 14, 97, '237a4ff5c098dad4072b659529792185'),
(7997, 139, 37, 15, 102, '237a4ff5c098dad4072b659529792185'),
(7998, 139, 37, 16, 104, '237a4ff5c098dad4072b659529792185'),
(7999, 139, 37, 17, 106, '237a4ff5c098dad4072b659529792185'),
(8000, 139, 37, 18, 108, '237a4ff5c098dad4072b659529792185'),
(8001, 139, 37, 19, 110, '237a4ff5c098dad4072b659529792185'),
(8002, 139, 37, 20, 112, '237a4ff5c098dad4072b659529792185'),
(8003, 139, 37, 21, 114, '237a4ff5c098dad4072b659529792185'),
(8004, 139, 37, 22, 116, '237a4ff5c098dad4072b659529792185'),
(8005, 139, 37, 23, 118, '237a4ff5c098dad4072b659529792185'),
(8006, 139, 37, 24, 120, '237a4ff5c098dad4072b659529792185'),
(8007, 139, 37, 25, 122, '237a4ff5c098dad4072b659529792185'),
(8008, 139, 37, 26, 124, '237a4ff5c098dad4072b659529792185'),
(8009, 139, 37, 27, 126, '237a4ff5c098dad4072b659529792185'),
(8010, 139, 37, 28, 128, '237a4ff5c098dad4072b659529792185'),
(8011, 139, 37, 29, 130, '237a4ff5c098dad4072b659529792185'),
(8012, 139, 37, 30, 132, '237a4ff5c098dad4072b659529792185'),
(8013, 139, 37, 31, 134, '237a4ff5c098dad4072b659529792185'),
(8014, 139, 37, 32, 136, '237a4ff5c098dad4072b659529792185'),
(8015, 139, 37, 33, 139, '237a4ff5c098dad4072b659529792185'),
(8016, 139, 37, 34, 140, '237a4ff5c098dad4072b659529792185'),
(8017, 139, 37, 35, 142, '237a4ff5c098dad4072b659529792185'),
(8018, 139, 37, 36, 144, '237a4ff5c098dad4072b659529792185'),
(8019, 139, 37, 37, 146, '237a4ff5c098dad4072b659529792185'),
(8020, 139, 37, 38, 148, '237a4ff5c098dad4072b659529792185'),
(8021, 139, 37, 39, 150, '237a4ff5c098dad4072b659529792185'),
(8022, 139, 37, 40, 152, '237a4ff5c098dad4072b659529792185'),
(8023, 139, 37, 41, 154, '237a4ff5c098dad4072b659529792185'),
(8024, 139, 37, 42, 156, '237a4ff5c098dad4072b659529792185'),
(8025, 139, 37, 43, 158, '237a4ff5c098dad4072b659529792185'),
(8026, 139, 37, 44, 160, '237a4ff5c098dad4072b659529792185'),
(8027, 139, 37, 45, 162, '237a4ff5c098dad4072b659529792185'),
(8028, 139, 37, 46, 164, '237a4ff5c098dad4072b659529792185'),
(8029, 139, 37, 47, 166, '237a4ff5c098dad4072b659529792185'),
(8030, 139, 37, 48, 168, '237a4ff5c098dad4072b659529792185'),
(8031, 139, 37, 49, 170, '237a4ff5c098dad4072b659529792185'),
(8032, 139, 37, 50, 172, '237a4ff5c098dad4072b659529792185'),
(8033, 139, 37, 51, 174, '237a4ff5c098dad4072b659529792185'),
(8034, 139, 37, 52, 176, '237a4ff5c098dad4072b659529792185'),
(8035, 139, 37, 53, 178, '237a4ff5c098dad4072b659529792185'),
(8036, 139, 37, 54, 180, '237a4ff5c098dad4072b659529792185'),
(8037, 139, 37, 55, 182, '237a4ff5c098dad4072b659529792185'),
(8038, 139, 37, 56, 184, '237a4ff5c098dad4072b659529792185'),
(8039, 139, 37, 57, 186, '237a4ff5c098dad4072b659529792185'),
(8040, 139, 37, 58, 188, '237a4ff5c098dad4072b659529792185'),
(8041, 139, 37, 59, 190, '237a4ff5c098dad4072b659529792185'),
(8042, 139, 37, 60, 192, '237a4ff5c098dad4072b659529792185'),
(8043, 139, 37, 61, 194, '237a4ff5c098dad4072b659529792185'),
(8044, 139, 37, 62, 196, '237a4ff5c098dad4072b659529792185'),
(8045, 139, 37, 63, 198, '237a4ff5c098dad4072b659529792185'),
(8046, 139, 37, 64, 200, '237a4ff5c098dad4072b659529792185'),
(8047, 139, 37, 65, 202, '237a4ff5c098dad4072b659529792185'),
(8048, 139, 37, 66, 204, '237a4ff5c098dad4072b659529792185'),
(8049, 139, 37, 67, 206, '237a4ff5c098dad4072b659529792185'),
(8050, 139, 37, 68, 208, '237a4ff5c098dad4072b659529792185'),
(8051, 139, 37, 69, 210, '237a4ff5c098dad4072b659529792185'),
(8052, 139, 1, 1, 13, '237a4ff5c098dad4072b659529792185'),
(8053, 139, 1, 2, 15, '237a4ff5c098dad4072b659529792185'),
(8054, 139, 1, 3, 17, '237a4ff5c098dad4072b659529792185'),
(8055, 139, 1, 4, 19, '237a4ff5c098dad4072b659529792185'),
(8056, 139, 1, 5, 21, '237a4ff5c098dad4072b659529792185'),
(8057, 139, 1, 6, 23, '237a4ff5c098dad4072b659529792185'),
(8058, 139, 1, 7, 25, '237a4ff5c098dad4072b659529792185'),
(8059, 139, 1, 8, 27, '237a4ff5c098dad4072b659529792185'),
(8060, 139, 1, 9, 29, '237a4ff5c098dad4072b659529792185'),
(8061, 139, 1, 10, 31, '237a4ff5c098dad4072b659529792185'),
(8062, 139, 1, 11, 214, '237a4ff5c098dad4072b659529792185'),
(8063, 139, 1, 12, 217, '237a4ff5c098dad4072b659529792185'),
(8064, 139, 1, 13, 218, '237a4ff5c098dad4072b659529792185'),
(8065, 139, 1, 14, 220, '237a4ff5c098dad4072b659529792185'),
(8066, 139, 1, 15, 223, '237a4ff5c098dad4072b659529792185'),
(8067, 139, 1, 16, 224, '237a4ff5c098dad4072b659529792185'),
(8068, 139, 1, 17, 226, '237a4ff5c098dad4072b659529792185'),
(8069, 139, 1, 18, 228, '237a4ff5c098dad4072b659529792185'),
(8070, 139, 1, 19, 230, '237a4ff5c098dad4072b659529792185'),
(8071, 139, 1, 20, 232, '237a4ff5c098dad4072b659529792185'),
(8072, 139, 1, 21, 234, '237a4ff5c098dad4072b659529792185'),
(8073, 139, 1, 22, 237, '237a4ff5c098dad4072b659529792185'),
(8074, 139, 1, 23, 238, '237a4ff5c098dad4072b659529792185'),
(8075, 139, 1, 24, 241, '237a4ff5c098dad4072b659529792185'),
(8076, 139, 1, 25, 242, '237a4ff5c098dad4072b659529792185'),
(8077, 139, 1, 26, 244, '237a4ff5c098dad4072b659529792185'),
(8078, 139, 1, 27, 246, '237a4ff5c098dad4072b659529792185'),
(8079, 139, 1, 28, 248, '237a4ff5c098dad4072b659529792185'),
(8080, 139, 1, 29, 250, '237a4ff5c098dad4072b659529792185'),
(8081, 139, 1, 30, 252, '237a4ff5c098dad4072b659529792185'),
(8130, 140, 1, 31, 255, 'dd47e178948c9e480a44d99fd5989c28'),
(8132, 140, 37, 1, 68, 'dd47e178948c9e480a44d99fd5989c28'),
(8133, 140, 37, 2, 69, 'dd47e178948c9e480a44d99fd5989c28'),
(8135, 140, 37, 3, 72, 'dd47e178948c9e480a44d99fd5989c28'),
(8137, 140, 37, 4, 73, 'dd47e178948c9e480a44d99fd5989c28'),
(8138, 140, 37, 5, 79, 'dd47e178948c9e480a44d99fd5989c28'),
(8142, 140, 37, 6, 82, 'dd47e178948c9e480a44d99fd5989c28'),
(8144, 140, 37, 7, 83, 'dd47e178948c9e480a44d99fd5989c28'),
(8146, 140, 37, 8, 85, 'dd47e178948c9e480a44d99fd5989c28'),
(8149, 140, 37, 9, 88, 'dd47e178948c9e480a44d99fd5989c28'),
(8152, 140, 37, 10, 90, 'dd47e178948c9e480a44d99fd5989c28'),
(8155, 140, 37, 11, 91, 'dd47e178948c9e480a44d99fd5989c28'),
(8156, 140, 37, 12, 94, 'dd47e178948c9e480a44d99fd5989c28'),
(8157, 140, 37, 13, 96, 'dd47e178948c9e480a44d99fd5989c28'),
(8158, 145, 1, 1, 13, '09bf293819fec87f45ef469238937c92'),
(8159, 140, 37, 14, 97, 'dd47e178948c9e480a44d99fd5989c28'),
(8160, 145, 1, 2, 16, '09bf293819fec87f45ef469238937c92'),
(8161, 140, 37, 15, 103, 'dd47e178948c9e480a44d99fd5989c28'),
(8162, 145, 1, 3, 18, '09bf293819fec87f45ef469238937c92'),
(8163, 140, 37, 16, 105, 'dd47e178948c9e480a44d99fd5989c28'),
(8164, 140, 37, 17, 107, 'dd47e178948c9e480a44d99fd5989c28'),
(8165, 145, 1, 4, 19, '09bf293819fec87f45ef469238937c92'),
(8166, 140, 37, 18, 108, 'dd47e178948c9e480a44d99fd5989c28'),
(8167, 140, 37, 19, 111, 'dd47e178948c9e480a44d99fd5989c28'),
(8168, 145, 1, 5, 22, '09bf293819fec87f45ef469238937c92'),
(8169, 140, 37, 20, 113, 'dd47e178948c9e480a44d99fd5989c28'),
(8170, 145, 1, 6, 24, '09bf293819fec87f45ef469238937c92'),
(8171, 140, 37, 21, 115, 'dd47e178948c9e480a44d99fd5989c28'),
(8172, 145, 1, 7, 26, '09bf293819fec87f45ef469238937c92'),
(8173, 140, 37, 22, 116, 'dd47e178948c9e480a44d99fd5989c28'),
(8174, 140, 37, 23, 119, 'dd47e178948c9e480a44d99fd5989c28'),
(8175, 140, 37, 24, 121, 'dd47e178948c9e480a44d99fd5989c28'),
(8176, 145, 1, 8, 28, '09bf293819fec87f45ef469238937c92'),
(8177, 140, 37, 25, 122, 'dd47e178948c9e480a44d99fd5989c28'),
(8178, 145, 1, 9, 29, '09bf293819fec87f45ef469238937c92'),
(8179, 140, 37, 26, 125, 'dd47e178948c9e480a44d99fd5989c28'),
(8180, 145, 1, 10, 32, '09bf293819fec87f45ef469238937c92'),
(8181, 140, 37, 27, 126, 'dd47e178948c9e480a44d99fd5989c28'),
(8182, 145, 1, 11, 215, '09bf293819fec87f45ef469238937c92'),
(8183, 145, 1, 12, 217, '09bf293819fec87f45ef469238937c92'),
(8184, 140, 37, 28, 129, 'dd47e178948c9e480a44d99fd5989c28'),
(8185, 145, 1, 13, 219, '09bf293819fec87f45ef469238937c92'),
(8186, 140, 37, 29, 130, 'dd47e178948c9e480a44d99fd5989c28'),
(8187, 145, 1, 14, 221, '09bf293819fec87f45ef469238937c92'),
(8188, 140, 37, 30, 132, 'dd47e178948c9e480a44d99fd5989c28'),
(8189, 140, 37, 31, 135, 'dd47e178948c9e480a44d99fd5989c28'),
(8190, 140, 37, 32, 136, 'dd47e178948c9e480a44d99fd5989c28'),
(8191, 145, 1, 15, 222, '09bf293819fec87f45ef469238937c92'),
(8192, 140, 37, 33, 138, 'dd47e178948c9e480a44d99fd5989c28'),
(8195, 145, 1, 16, 224, '09bf293819fec87f45ef469238937c92'),
(8196, 140, 37, 34, 140, 'dd47e178948c9e480a44d99fd5989c28'),
(8198, 145, 1, 17, 226, '09bf293819fec87f45ef469238937c92'),
(8199, 140, 37, 35, 143, 'dd47e178948c9e480a44d99fd5989c28'),
(8200, 145, 1, 18, 229, '09bf293819fec87f45ef469238937c92'),
(8201, 140, 37, 36, 144, 'dd47e178948c9e480a44d99fd5989c28'),
(8203, 145, 1, 19, 231, '09bf293819fec87f45ef469238937c92'),
(8206, 140, 37, 37, 146, '3d15afb6fa14815e2c658c6d6acef183'),
(8207, 145, 1, 20, 233, '09bf293819fec87f45ef469238937c92'),
(8209, 145, 1, 21, 234, '09bf293819fec87f45ef469238937c92'),
(8211, 140, 37, 38, 149, '3d15afb6fa14815e2c658c6d6acef183'),
(8212, 145, 1, 22, 237, '09bf293819fec87f45ef469238937c92'),
(8213, 140, 37, 39, 150, '3d15afb6fa14815e2c658c6d6acef183'),
(8214, 145, 1, 23, 239, '09bf293819fec87f45ef469238937c92'),
(8215, 140, 37, 40, 152, '3d15afb6fa14815e2c658c6d6acef183'),
(8216, 143, 1, 7, 26, 'f1a58a1876c81a74bdca33360799c43e'),
(8217, 145, 1, 24, 241, '09bf293819fec87f45ef469238937c92'),
(8218, 143, 1, 8, 27, 'f1a58a1876c81a74bdca33360799c43e'),
(8219, 143, 1, 9, 30, 'f1a58a1876c81a74bdca33360799c43e'),
(8220, 140, 37, 41, 154, '3d15afb6fa14815e2c658c6d6acef183'),
(8221, 145, 1, 25, 243, '09bf293819fec87f45ef469238937c92'),
(8222, 143, 1, 10, 31, 'f1a58a1876c81a74bdca33360799c43e'),
(8223, 143, 1, 11, 215, 'f1a58a1876c81a74bdca33360799c43e'),
(8224, 140, 37, 42, 157, '3d15afb6fa14815e2c658c6d6acef183'),
(8225, 145, 1, 26, 244, '09bf293819fec87f45ef469238937c92'),
(8226, 140, 37, 43, 159, '3d15afb6fa14815e2c658c6d6acef183'),
(8227, 143, 1, 12, 217, 'f1a58a1876c81a74bdca33360799c43e'),
(8228, 145, 1, 27, 247, '09bf293819fec87f45ef469238937c92'),
(8229, 140, 37, 44, 160, '3d15afb6fa14815e2c658c6d6acef183'),
(8230, 143, 1, 13, 219, 'f1a58a1876c81a74bdca33360799c43e'),
(8231, 143, 1, 14, 220, 'f1a58a1876c81a74bdca33360799c43e'),
(8232, 145, 1, 28, 249, '09bf293819fec87f45ef469238937c92'),
(8233, 145, 1, 29, 250, '09bf293819fec87f45ef469238937c92'),
(8234, 143, 1, 15, 223, 'f1a58a1876c81a74bdca33360799c43e'),
(8235, 145, 1, 30, 253, '09bf293819fec87f45ef469238937c92'),
(8236, 143, 1, 16, 224, 'f1a58a1876c81a74bdca33360799c43e'),
(8237, 143, 1, 17, 226, 'f1a58a1876c81a74bdca33360799c43e'),
(8239, 143, 1, 18, 228, 'f1a58a1876c81a74bdca33360799c43e'),
(8240, 140, 37, 45, 163, '3d15afb6fa14815e2c658c6d6acef183'),
(8241, 143, 1, 19, 230, 'f1a58a1876c81a74bdca33360799c43e'),
(8244, 143, 1, 20, 233, 'f1a58a1876c81a74bdca33360799c43e'),
(8245, 143, 1, 21, 234, 'f1a58a1876c81a74bdca33360799c43e'),
(8246, 143, 1, 22, 237, 'f1a58a1876c81a74bdca33360799c43e'),
(8247, 143, 1, 23, 239, 'f1a58a1876c81a74bdca33360799c43e'),
(8248, 143, 1, 24, 241, 'f1a58a1876c81a74bdca33360799c43e'),
(8249, 140, 37, 46, 164, '3d15afb6fa14815e2c658c6d6acef183'),
(8250, 143, 1, 25, 243, 'f1a58a1876c81a74bdca33360799c43e'),
(8251, 140, 37, 47, 167, '3d15afb6fa14815e2c658c6d6acef183'),
(8252, 143, 1, 26, 245, 'f1a58a1876c81a74bdca33360799c43e'),
(8253, 140, 37, 48, 169, '3d15afb6fa14815e2c658c6d6acef183'),
(8254, 143, 1, 27, 246, 'f1a58a1876c81a74bdca33360799c43e'),
(8255, 143, 1, 28, 249, 'f1a58a1876c81a74bdca33360799c43e'),
(8256, 140, 37, 49, 171, '3d15afb6fa14815e2c658c6d6acef183'),
(8257, 143, 1, 29, 250, 'f1a58a1876c81a74bdca33360799c43e'),
(8258, 140, 37, 50, 172, '3d15afb6fa14815e2c658c6d6acef183'),
(8259, 143, 1, 30, 253, 'f1a58a1876c81a74bdca33360799c43e'),
(8260, 140, 37, 51, 174, '3d15afb6fa14815e2c658c6d6acef183'),
(8261, 140, 37, 52, 176, '3d15afb6fa14815e2c658c6d6acef183'),
(8262, 140, 37, 53, 178, '3d15afb6fa14815e2c658c6d6acef183'),
(8305, 140, 37, 54, 180, '3d15afb6fa14815e2c658c6d6acef183'),
(8314, 140, 37, 55, 183, '3d15afb6fa14815e2c658c6d6acef183'),
(8328, 140, 37, 56, 185, '3d15afb6fa14815e2c658c6d6acef183'),
(8334, 140, 37, 57, 186, '77ab394e3dc0460cf197eb146aa06ab7'),
(8335, 140, 37, 58, 188, '77ab394e3dc0460cf197eb146aa06ab7'),
(8336, 140, 37, 59, 190, '77ab394e3dc0460cf197eb146aa06ab7'),
(8337, 140, 37, 60, 192, '77ab394e3dc0460cf197eb146aa06ab7'),
(8338, 140, 37, 61, 195, '77ab394e3dc0460cf197eb146aa06ab7'),
(8339, 140, 37, 62, 197, '77ab394e3dc0460cf197eb146aa06ab7'),
(8340, 140, 37, 63, 199, '77ab394e3dc0460cf197eb146aa06ab7'),
(8341, 140, 37, 64, 200, '77ab394e3dc0460cf197eb146aa06ab7'),
(8342, 140, 37, 65, 203, '77ab394e3dc0460cf197eb146aa06ab7'),
(8370, 145, 1, 31, 255, '1981749246899863a287721cb4f3e561'),
(8391, 145, 37, 1, 68, '1981749246899863a287721cb4f3e561'),
(8393, 137, 1, 22, 237, 'ceab16cfa97f13e5a7fe86a4e12b85a0'),
(8394, 137, 1, 23, 239, 'ceab16cfa97f13e5a7fe86a4e12b85a0'),
(8395, 137, 1, 24, 241, 'ceab16cfa97f13e5a7fe86a4e12b85a0'),
(8396, 137, 1, 25, 242, 'ceab16cfa97f13e5a7fe86a4e12b85a0'),
(8397, 137, 1, 26, 245, 'ceab16cfa97f13e5a7fe86a4e12b85a0'),
(8398, 137, 1, 27, 246, 'ceab16cfa97f13e5a7fe86a4e12b85a0'),
(8399, 137, 1, 28, 249, 'ceab16cfa97f13e5a7fe86a4e12b85a0'),
(8400, 137, 1, 29, 250, 'ceab16cfa97f13e5a7fe86a4e12b85a0'),
(8401, 137, 1, 30, 252, 'ceab16cfa97f13e5a7fe86a4e12b85a0'),
(8402, 145, 37, 2, 70, '1981749246899863a287721cb4f3e561'),
(8403, 145, 37, 3, 72, '1981749246899863a287721cb4f3e561'),
(8404, 145, 37, 4, 74, '1981749246899863a287721cb4f3e561'),
(8405, 145, 37, 5, 80, '1981749246899863a287721cb4f3e561'),
(8406, 145, 37, 6, 82, '1981749246899863a287721cb4f3e561'),
(8407, 137, 1, 31, 255, 'ceab16cfa97f13e5a7fe86a4e12b85a0'),
(8408, 145, 37, 7, 83, '1981749246899863a287721cb4f3e561'),
(8409, 137, 37, 1, 68, 'ceab16cfa97f13e5a7fe86a4e12b85a0'),
(8410, 137, 37, 2, 69, 'ceab16cfa97f13e5a7fe86a4e12b85a0'),
(8411, 137, 37, 3, 72, 'ceab16cfa97f13e5a7fe86a4e12b85a0'),
(8412, 145, 37, 8, 85, '1981749246899863a287721cb4f3e561'),
(8413, 137, 37, 4, 73, 'ceab16cfa97f13e5a7fe86a4e12b85a0'),
(8414, 137, 37, 5, 80, 'ceab16cfa97f13e5a7fe86a4e12b85a0'),
(8415, 145, 37, 9, 87, '1981749246899863a287721cb4f3e561'),
(8416, 137, 37, 6, 81, 'ceab16cfa97f13e5a7fe86a4e12b85a0'),
(8417, 137, 37, 7, 83, 'ceab16cfa97f13e5a7fe86a4e12b85a0'),
(8418, 137, 37, 8, 85, 'ceab16cfa97f13e5a7fe86a4e12b85a0'),
(8419, 146, 1, 1, 13, 'b1bff82dd2aef6064b9bca86a2a50e4b'),
(8420, 137, 37, 9, 87, 'ceab16cfa97f13e5a7fe86a4e12b85a0'),
(8421, 145, 37, 10, 90, '1981749246899863a287721cb4f3e561'),
(8422, 137, 37, 10, 89, 'ceab16cfa97f13e5a7fe86a4e12b85a0'),
(8423, 137, 37, 11, 91, 'ceab16cfa97f13e5a7fe86a4e12b85a0'),
(8424, 137, 37, 12, 93, 'ceab16cfa97f13e5a7fe86a4e12b85a0'),
(8425, 145, 37, 11, 92, '1981749246899863a287721cb4f3e561'),
(8426, 137, 37, 13, 96, 'ceab16cfa97f13e5a7fe86a4e12b85a0'),
(8427, 137, 37, 14, 97, 'ceab16cfa97f13e5a7fe86a4e12b85a0'),
(8428, 137, 37, 15, 103, 'ceab16cfa97f13e5a7fe86a4e12b85a0'),
(8429, 145, 37, 12, 94, '1981749246899863a287721cb4f3e561'),
(8430, 146, 1, 2, 16, 'b1bff82dd2aef6064b9bca86a2a50e4b'),
(8431, 137, 37, 16, 104, 'ceab16cfa97f13e5a7fe86a4e12b85a0'),
(8432, 137, 37, 17, 107, 'ceab16cfa97f13e5a7fe86a4e12b85a0'),
(8433, 137, 37, 18, 108, 'ceab16cfa97f13e5a7fe86a4e12b85a0'),
(8434, 145, 37, 13, 95, '1981749246899863a287721cb4f3e561'),
(8435, 137, 37, 19, 111, 'ceab16cfa97f13e5a7fe86a4e12b85a0'),
(8436, 137, 37, 20, 113, 'ceab16cfa97f13e5a7fe86a4e12b85a0'),
(8437, 137, 37, 21, 115, 'ceab16cfa97f13e5a7fe86a4e12b85a0'),
(8438, 145, 37, 14, 97, '1981749246899863a287721cb4f3e561'),
(8439, 137, 37, 22, 117, 'ceab16cfa97f13e5a7fe86a4e12b85a0'),
(8440, 137, 37, 23, 118, 'ceab16cfa97f13e5a7fe86a4e12b85a0'),
(8441, 137, 37, 24, 120, 'ceab16cfa97f13e5a7fe86a4e12b85a0'),
(8442, 145, 37, 15, 102, '1981749246899863a287721cb4f3e561'),
(8443, 137, 37, 25, 123, 'ceab16cfa97f13e5a7fe86a4e12b85a0'),
(8444, 146, 1, 3, 18, 'b1bff82dd2aef6064b9bca86a2a50e4b'),
(8445, 137, 37, 26, 125, 'ceab16cfa97f13e5a7fe86a4e12b85a0'),
(8446, 145, 37, 16, 105, '1981749246899863a287721cb4f3e561'),
(8447, 137, 37, 27, 126, 'ceab16cfa97f13e5a7fe86a4e12b85a0'),
(8448, 145, 37, 17, 106, '1981749246899863a287721cb4f3e561'),
(8449, 137, 37, 28, 128, 'ceab16cfa97f13e5a7fe86a4e12b85a0'),
(8450, 137, 37, 29, 131, 'ceab16cfa97f13e5a7fe86a4e12b85a0'),
(8451, 146, 1, 4, 20, 'b1bff82dd2aef6064b9bca86a2a50e4b'),
(8452, 137, 37, 30, 133, 'ceab16cfa97f13e5a7fe86a4e12b85a0'),
(8453, 137, 37, 31, 134, 'ceab16cfa97f13e5a7fe86a4e12b85a0'),
(8454, 145, 37, 18, 109, '1981749246899863a287721cb4f3e561'),
(8455, 137, 37, 32, 137, 'ceab16cfa97f13e5a7fe86a4e12b85a0'),
(8456, 137, 37, 33, 138, 'ceab16cfa97f13e5a7fe86a4e12b85a0'),
(8457, 137, 37, 34, 140, 'ceab16cfa97f13e5a7fe86a4e12b85a0'),
(8458, 145, 37, 19, 111, '1981749246899863a287721cb4f3e561'),
(8459, 137, 37, 35, 143, 'ceab16cfa97f13e5a7fe86a4e12b85a0'),
(8460, 137, 37, 36, 144, 'ceab16cfa97f13e5a7fe86a4e12b85a0'),
(8461, 137, 37, 37, 147, 'ceab16cfa97f13e5a7fe86a4e12b85a0'),
(8462, 145, 37, 20, 112, '1981749246899863a287721cb4f3e561'),
(8463, 137, 37, 38, 149, 'ceab16cfa97f13e5a7fe86a4e12b85a0'),
(8464, 137, 37, 39, 150, 'ceab16cfa97f13e5a7fe86a4e12b85a0'),
(8465, 145, 37, 21, 115, '1981749246899863a287721cb4f3e561'),
(8466, 137, 37, 40, 153, 'ceab16cfa97f13e5a7fe86a4e12b85a0'),
(8467, 137, 37, 41, 155, 'ceab16cfa97f13e5a7fe86a4e12b85a0'),
(8468, 137, 37, 42, 156, 'ceab16cfa97f13e5a7fe86a4e12b85a0');
INSERT INTO `test` (`TID`, `UserID`, `AssessmentID`, `QuestionNr`, `ChoiceID`, `sessionID`) VALUES
(8469, 137, 37, 43, 159, 'ceab16cfa97f13e5a7fe86a4e12b85a0'),
(8470, 145, 37, 22, 116, '1981749246899863a287721cb4f3e561'),
(8471, 137, 37, 44, 160, 'ceab16cfa97f13e5a7fe86a4e12b85a0'),
(8472, 137, 37, 45, 162, 'ceab16cfa97f13e5a7fe86a4e12b85a0'),
(8473, 146, 1, 5, 21, 'b1bff82dd2aef6064b9bca86a2a50e4b'),
(8474, 137, 37, 46, 165, 'ceab16cfa97f13e5a7fe86a4e12b85a0'),
(8475, 137, 37, 47, 167, 'ceab16cfa97f13e5a7fe86a4e12b85a0'),
(8476, 137, 37, 48, 168, 'ceab16cfa97f13e5a7fe86a4e12b85a0'),
(8477, 145, 37, 23, 119, '1981749246899863a287721cb4f3e561'),
(8478, 137, 37, 49, 171, 'ceab16cfa97f13e5a7fe86a4e12b85a0'),
(8479, 137, 37, 50, 172, 'ceab16cfa97f13e5a7fe86a4e12b85a0'),
(8480, 146, 1, 6, 23, 'b1bff82dd2aef6064b9bca86a2a50e4b'),
(8481, 137, 37, 51, 175, 'ceab16cfa97f13e5a7fe86a4e12b85a0'),
(8482, 145, 37, 24, 121, '1981749246899863a287721cb4f3e561'),
(8483, 137, 37, 52, 176, 'ceab16cfa97f13e5a7fe86a4e12b85a0'),
(8484, 137, 37, 53, 179, 'ceab16cfa97f13e5a7fe86a4e12b85a0'),
(8485, 137, 37, 54, 180, 'ceab16cfa97f13e5a7fe86a4e12b85a0'),
(8486, 145, 37, 25, 123, '1981749246899863a287721cb4f3e561'),
(8487, 137, 37, 55, 183, 'ceab16cfa97f13e5a7fe86a4e12b85a0'),
(8488, 146, 1, 7, 26, 'b1bff82dd2aef6064b9bca86a2a50e4b'),
(8489, 137, 37, 56, 185, 'ceab16cfa97f13e5a7fe86a4e12b85a0'),
(8490, 137, 37, 57, 187, 'ceab16cfa97f13e5a7fe86a4e12b85a0'),
(8491, 145, 37, 26, 124, '1981749246899863a287721cb4f3e561'),
(8492, 137, 37, 58, 189, '9cbf144789002d1574c7dbaa95f46954'),
(8493, 137, 37, 59, 190, '9cbf144789002d1574c7dbaa95f46954'),
(8494, 137, 37, 60, 193, '9cbf144789002d1574c7dbaa95f46954'),
(8495, 145, 37, 27, 127, '1981749246899863a287721cb4f3e561'),
(8496, 146, 1, 8, 28, 'b1bff82dd2aef6064b9bca86a2a50e4b'),
(8497, 137, 37, 61, 194, '9cbf144789002d1574c7dbaa95f46954'),
(8498, 137, 37, 62, 197, '9cbf144789002d1574c7dbaa95f46954'),
(8499, 137, 37, 63, 199, '9cbf144789002d1574c7dbaa95f46954'),
(8500, 145, 37, 28, 129, '1981749246899863a287721cb4f3e561'),
(8501, 137, 37, 64, 201, '9cbf144789002d1574c7dbaa95f46954'),
(8502, 137, 37, 65, 203, '9cbf144789002d1574c7dbaa95f46954'),
(8503, 146, 1, 9, 29, 'b1bff82dd2aef6064b9bca86a2a50e4b'),
(8504, 137, 37, 66, 204, '9cbf144789002d1574c7dbaa95f46954'),
(8505, 137, 37, 67, 206, '9cbf144789002d1574c7dbaa95f46954'),
(8506, 137, 37, 68, 209, '9cbf144789002d1574c7dbaa95f46954'),
(8507, 145, 37, 29, 130, '1981749246899863a287721cb4f3e561'),
(8508, 146, 1, 10, 31, 'b1bff82dd2aef6064b9bca86a2a50e4b'),
(8509, 146, 1, 11, 214, 'b1bff82dd2aef6064b9bca86a2a50e4b'),
(8510, 145, 37, 30, 133, '1981749246899863a287721cb4f3e561'),
(8511, 145, 37, 31, 135, '1981749246899863a287721cb4f3e561'),
(8512, 146, 1, 12, 216, '90f8fd6beb2e7ed81a8e0a6d43b123c4'),
(8513, 145, 37, 32, 137, '1981749246899863a287721cb4f3e561'),
(8514, 146, 1, 13, 219, '90f8fd6beb2e7ed81a8e0a6d43b123c4'),
(8515, 145, 37, 33, 139, '1981749246899863a287721cb4f3e561'),
(8516, 145, 37, 34, 141, '1981749246899863a287721cb4f3e561'),
(8517, 145, 37, 35, 143, '1981749246899863a287721cb4f3e561'),
(8518, 145, 37, 36, 144, 'ecad8b83c42ddd6f9a371150f62cfee6'),
(8519, 145, 37, 37, 147, 'ecad8b83c42ddd6f9a371150f62cfee6'),
(8520, 145, 37, 38, 149, 'ecad8b83c42ddd6f9a371150f62cfee6'),
(8521, 146, 1, 14, 220, '90f8fd6beb2e7ed81a8e0a6d43b123c4'),
(8522, 145, 37, 39, 151, 'ecad8b83c42ddd6f9a371150f62cfee6'),
(8523, 145, 37, 40, 153, 'ecad8b83c42ddd6f9a371150f62cfee6'),
(8524, 145, 37, 41, 154, 'ecad8b83c42ddd6f9a371150f62cfee6'),
(8525, 145, 37, 42, 157, 'ecad8b83c42ddd6f9a371150f62cfee6'),
(8526, 145, 37, 43, 159, 'ecad8b83c42ddd6f9a371150f62cfee6'),
(8527, 145, 37, 44, 160, 'ecad8b83c42ddd6f9a371150f62cfee6'),
(8528, 145, 37, 45, 163, 'ecad8b83c42ddd6f9a371150f62cfee6'),
(8529, 145, 37, 46, 165, 'ecad8b83c42ddd6f9a371150f62cfee6'),
(8530, 145, 37, 47, 167, 'ecad8b83c42ddd6f9a371150f62cfee6'),
(8532, 145, 37, 48, 169, 'ecad8b83c42ddd6f9a371150f62cfee6'),
(8533, 145, 37, 49, 170, 'ecad8b83c42ddd6f9a371150f62cfee6'),
(8534, 145, 37, 50, 173, 'ecad8b83c42ddd6f9a371150f62cfee6'),
(8536, 145, 37, 51, 175, 'ecad8b83c42ddd6f9a371150f62cfee6'),
(8537, 145, 37, 52, 176, 'ecad8b83c42ddd6f9a371150f62cfee6'),
(8538, 145, 37, 53, 179, 'ecad8b83c42ddd6f9a371150f62cfee6'),
(8540, 145, 37, 54, 181, 'ecad8b83c42ddd6f9a371150f62cfee6'),
(8541, 145, 37, 55, 183, 'ecad8b83c42ddd6f9a371150f62cfee6'),
(8543, 145, 37, 56, 184, 'ecad8b83c42ddd6f9a371150f62cfee6'),
(8544, 145, 37, 57, 186, 'ecad8b83c42ddd6f9a371150f62cfee6'),
(8546, 146, 1, 15, 222, '90f8fd6beb2e7ed81a8e0a6d43b123c4'),
(8547, 145, 37, 58, 189, 'ecad8b83c42ddd6f9a371150f62cfee6'),
(8549, 145, 37, 59, 191, 'ecad8b83c42ddd6f9a371150f62cfee6'),
(8551, 145, 37, 60, 193, 'ecad8b83c42ddd6f9a371150f62cfee6'),
(8553, 145, 37, 61, 194, 'ecad8b83c42ddd6f9a371150f62cfee6'),
(8555, 145, 37, 62, 196, 'ecad8b83c42ddd6f9a371150f62cfee6'),
(8557, 145, 37, 63, 198, 'ecad8b83c42ddd6f9a371150f62cfee6'),
(8559, 145, 37, 64, 200, 'ecad8b83c42ddd6f9a371150f62cfee6'),
(8562, 145, 37, 65, 203, 'ecad8b83c42ddd6f9a371150f62cfee6'),
(8564, 145, 37, 66, 204, 'ecad8b83c42ddd6f9a371150f62cfee6'),
(8567, 145, 37, 67, 207, 'ecad8b83c42ddd6f9a371150f62cfee6'),
(8569, 145, 37, 68, 208, 'ecad8b83c42ddd6f9a371150f62cfee6'),
(8600, 146, 1, 16, 225, 'd7e400b606ab8ac3d173d5463739c7b8'),
(8605, 146, 1, 17, 226, 'd7e400b606ab8ac3d173d5463739c7b8'),
(8607, 146, 1, 18, 229, 'd7e400b606ab8ac3d173d5463739c7b8'),
(8611, 148, 37, 1, 68, 'd6bb46bf51eb79efa5c50eee8c1af609'),
(8613, 146, 1, 19, 231, 'd7e400b606ab8ac3d173d5463739c7b8'),
(8615, 148, 37, 2, 69, 'd6bb46bf51eb79efa5c50eee8c1af609'),
(8616, 148, 37, 3, 71, 'd6bb46bf51eb79efa5c50eee8c1af609'),
(8617, 148, 37, 4, 73, 'd6bb46bf51eb79efa5c50eee8c1af609'),
(8618, 148, 37, 5, 79, 'd6bb46bf51eb79efa5c50eee8c1af609'),
(8619, 148, 37, 6, 81, 'd6bb46bf51eb79efa5c50eee8c1af609'),
(8622, 146, 1, 20, 232, 'd7e400b606ab8ac3d173d5463739c7b8'),
(8623, 146, 1, 21, 234, 'd7e400b606ab8ac3d173d5463739c7b8'),
(8625, 148, 37, 7, 83, 'd6bb46bf51eb79efa5c50eee8c1af609'),
(8626, 148, 37, 8, 85, 'd6bb46bf51eb79efa5c50eee8c1af609'),
(8628, 148, 37, 9, 87, 'd6bb46bf51eb79efa5c50eee8c1af609'),
(8629, 148, 37, 10, 89, 'd6bb46bf51eb79efa5c50eee8c1af609'),
(8631, 148, 37, 11, 91, 'd6bb46bf51eb79efa5c50eee8c1af609'),
(8632, 148, 37, 12, 93, 'd6bb46bf51eb79efa5c50eee8c1af609'),
(8633, 148, 37, 13, 95, 'd6bb46bf51eb79efa5c50eee8c1af609'),
(8634, 148, 37, 14, 97, 'd6bb46bf51eb79efa5c50eee8c1af609'),
(8635, 148, 37, 15, 103, 'd6bb46bf51eb79efa5c50eee8c1af609'),
(8636, 148, 37, 16, 104, 'd6bb46bf51eb79efa5c50eee8c1af609'),
(8637, 146, 1, 22, 237, 'd7e400b606ab8ac3d173d5463739c7b8'),
(8638, 148, 37, 17, 106, 'd6bb46bf51eb79efa5c50eee8c1af609'),
(8639, 148, 37, 18, 108, 'd6bb46bf51eb79efa5c50eee8c1af609'),
(8640, 148, 37, 19, 110, 'd6bb46bf51eb79efa5c50eee8c1af609'),
(8641, 148, 37, 20, 113, 'd6bb46bf51eb79efa5c50eee8c1af609'),
(8642, 148, 37, 21, 115, 'd6bb46bf51eb79efa5c50eee8c1af609'),
(8643, 148, 37, 22, 117, 'd6bb46bf51eb79efa5c50eee8c1af609'),
(8644, 148, 37, 23, 119, 'd6bb46bf51eb79efa5c50eee8c1af609'),
(8645, 148, 37, 24, 121, 'd6bb46bf51eb79efa5c50eee8c1af609'),
(8646, 146, 1, 23, 238, 'd7e400b606ab8ac3d173d5463739c7b8'),
(8647, 148, 37, 25, 123, 'd6bb46bf51eb79efa5c50eee8c1af609'),
(8648, 148, 37, 26, 125, 'd6bb46bf51eb79efa5c50eee8c1af609'),
(8649, 148, 37, 27, 126, 'd6bb46bf51eb79efa5c50eee8c1af609'),
(8650, 148, 37, 28, 129, 'd6bb46bf51eb79efa5c50eee8c1af609'),
(8652, 148, 37, 29, 131, 'd6bb46bf51eb79efa5c50eee8c1af609'),
(8653, 148, 37, 30, 133, 'd6bb46bf51eb79efa5c50eee8c1af609'),
(8654, 148, 37, 31, 135, 'd6bb46bf51eb79efa5c50eee8c1af609'),
(8655, 146, 1, 24, 240, 'd7e400b606ab8ac3d173d5463739c7b8'),
(8656, 148, 37, 32, 136, 'd6bb46bf51eb79efa5c50eee8c1af609'),
(8657, 148, 37, 33, 139, 'd6bb46bf51eb79efa5c50eee8c1af609'),
(8658, 148, 37, 34, 140, 'd6bb46bf51eb79efa5c50eee8c1af609'),
(8659, 148, 37, 35, 143, 'd6bb46bf51eb79efa5c50eee8c1af609'),
(8660, 148, 37, 36, 144, 'd6bb46bf51eb79efa5c50eee8c1af609'),
(8661, 148, 37, 37, 147, 'd6bb46bf51eb79efa5c50eee8c1af609'),
(8662, 148, 37, 38, 149, 'd6bb46bf51eb79efa5c50eee8c1af609'),
(8663, 146, 1, 25, 242, 'd7e400b606ab8ac3d173d5463739c7b8'),
(8664, 148, 37, 39, 150, 'd6bb46bf51eb79efa5c50eee8c1af609'),
(8665, 148, 37, 40, 152, 'd6bb46bf51eb79efa5c50eee8c1af609'),
(8666, 148, 37, 41, 154, 'd6bb46bf51eb79efa5c50eee8c1af609'),
(8667, 148, 37, 42, 157, 'd6bb46bf51eb79efa5c50eee8c1af609'),
(8668, 148, 37, 43, 159, 'd6bb46bf51eb79efa5c50eee8c1af609'),
(8669, 148, 37, 44, 161, 'd6bb46bf51eb79efa5c50eee8c1af609'),
(8670, 146, 1, 26, 244, 'd7e400b606ab8ac3d173d5463739c7b8'),
(8671, 148, 37, 45, 163, 'd6bb46bf51eb79efa5c50eee8c1af609'),
(8672, 148, 37, 46, 165, 'd6bb46bf51eb79efa5c50eee8c1af609'),
(8673, 148, 37, 47, 167, 'd6bb46bf51eb79efa5c50eee8c1af609'),
(8674, 148, 37, 48, 169, 'd6bb46bf51eb79efa5c50eee8c1af609'),
(8675, 148, 37, 49, 171, 'd6bb46bf51eb79efa5c50eee8c1af609'),
(8676, 148, 37, 50, 173, 'd6bb46bf51eb79efa5c50eee8c1af609'),
(8677, 148, 37, 51, 174, 'd6bb46bf51eb79efa5c50eee8c1af609'),
(8678, 146, 1, 27, 246, 'd7e400b606ab8ac3d173d5463739c7b8'),
(8679, 148, 37, 52, 176, 'd6bb46bf51eb79efa5c50eee8c1af609'),
(8680, 148, 37, 53, 178, 'd6bb46bf51eb79efa5c50eee8c1af609'),
(8681, 148, 37, 54, 181, 'd6bb46bf51eb79efa5c50eee8c1af609'),
(8682, 148, 37, 55, 183, 'd6bb46bf51eb79efa5c50eee8c1af609'),
(8683, 148, 37, 56, 184, 'd6bb46bf51eb79efa5c50eee8c1af609'),
(8684, 148, 37, 57, 187, 'd6bb46bf51eb79efa5c50eee8c1af609'),
(8685, 148, 37, 58, 189, 'd6bb46bf51eb79efa5c50eee8c1af609'),
(8686, 148, 37, 59, 191, 'd6bb46bf51eb79efa5c50eee8c1af609'),
(8687, 148, 37, 60, 193, 'd6bb46bf51eb79efa5c50eee8c1af609'),
(8688, 148, 37, 61, 195, 'd6bb46bf51eb79efa5c50eee8c1af609'),
(8689, 148, 37, 62, 196, 'd6bb46bf51eb79efa5c50eee8c1af609'),
(8691, 148, 37, 63, 199, 'd6bb46bf51eb79efa5c50eee8c1af609'),
(8692, 146, 1, 28, 249, 'd7e400b606ab8ac3d173d5463739c7b8'),
(8693, 148, 37, 64, 201, 'd6bb46bf51eb79efa5c50eee8c1af609'),
(8694, 148, 37, 65, 203, 'd6bb46bf51eb79efa5c50eee8c1af609'),
(8695, 148, 37, 66, 205, 'd6bb46bf51eb79efa5c50eee8c1af609'),
(8696, 148, 37, 67, 206, 'd6bb46bf51eb79efa5c50eee8c1af609'),
(8697, 148, 37, 68, 209, 'd6bb46bf51eb79efa5c50eee8c1af609'),
(8698, 146, 1, 29, 250, 'd7e400b606ab8ac3d173d5463739c7b8'),
(8700, 146, 1, 30, 252, 'd7e400b606ab8ac3d173d5463739c7b8'),
(8702, 146, 1, 31, 255, 'd7e400b606ab8ac3d173d5463739c7b8'),
(8741, 150, 1, 1, 14, '3d25c7ae0cca014bf41c4827b9047b60'),
(8758, 148, 37, 69, 211, '6897ab8486e73fe8b06ad907c06b1c12'),
(8826, 138, 1, 23, 238, 'c88966fd3ac26c5260ece30fb27bebaf'),
(8828, 138, 1, 24, 241, 'c88966fd3ac26c5260ece30fb27bebaf'),
(8829, 138, 1, 25, 242, 'c88966fd3ac26c5260ece30fb27bebaf'),
(8830, 138, 1, 26, 244, 'c88966fd3ac26c5260ece30fb27bebaf'),
(8831, 138, 1, 27, 247, 'c88966fd3ac26c5260ece30fb27bebaf'),
(8832, 138, 1, 28, 249, 'c88966fd3ac26c5260ece30fb27bebaf'),
(8833, 138, 1, 29, 251, 'c88966fd3ac26c5260ece30fb27bebaf'),
(8834, 138, 1, 30, 253, 'c88966fd3ac26c5260ece30fb27bebaf'),
(8855, 138, 1, 31, 254, '2ec1bc1f91dccd1c86a9153d170f416b'),
(8856, 138, 37, 1, 68, '2ec1bc1f91dccd1c86a9153d170f416b'),
(8857, 138, 37, 2, 69, '2ec1bc1f91dccd1c86a9153d170f416b'),
(8858, 138, 37, 3, 72, '2ec1bc1f91dccd1c86a9153d170f416b'),
(8859, 138, 37, 4, 74, '2ec1bc1f91dccd1c86a9153d170f416b'),
(8860, 138, 37, 5, 80, '2ec1bc1f91dccd1c86a9153d170f416b'),
(8861, 147, 37, 57, 187, '6acdbdf9737f5a993a7ceacc8930bb30'),
(8862, 147, 37, 58, 188, '6acdbdf9737f5a993a7ceacc8930bb30'),
(8863, 147, 37, 59, 190, '6acdbdf9737f5a993a7ceacc8930bb30'),
(8864, 147, 37, 60, 193, '6acdbdf9737f5a993a7ceacc8930bb30'),
(8865, 147, 37, 61, 195, '6acdbdf9737f5a993a7ceacc8930bb30'),
(8866, 147, 37, 62, 196, '6acdbdf9737f5a993a7ceacc8930bb30'),
(8867, 147, 37, 63, 199, '6acdbdf9737f5a993a7ceacc8930bb30'),
(8868, 147, 37, 64, 200, '6acdbdf9737f5a993a7ceacc8930bb30'),
(8869, 147, 37, 65, 203, '6acdbdf9737f5a993a7ceacc8930bb30'),
(8870, 147, 37, 66, 204, '6acdbdf9737f5a993a7ceacc8930bb30'),
(8871, 147, 37, 67, 207, '6acdbdf9737f5a993a7ceacc8930bb30'),
(8872, 147, 37, 68, 209, '6acdbdf9737f5a993a7ceacc8930bb30'),
(8874, 153, 1, 1, 13, '5b41ba106c9814e6ea05eea7f6febf02'),
(8875, 153, 1, 2, 16, '5b41ba106c9814e6ea05eea7f6febf02'),
(8876, 153, 1, 3, 18, '5b41ba106c9814e6ea05eea7f6febf02'),
(8877, 153, 1, 4, 19, '5b41ba106c9814e6ea05eea7f6febf02'),
(8878, 153, 1, 5, 21, '5b41ba106c9814e6ea05eea7f6febf02'),
(8879, 153, 1, 6, 23, '5b41ba106c9814e6ea05eea7f6febf02'),
(8880, 153, 1, 7, 26, '5b41ba106c9814e6ea05eea7f6febf02'),
(8881, 153, 1, 8, 27, '5b41ba106c9814e6ea05eea7f6febf02'),
(8882, 153, 1, 9, 29, '5b41ba106c9814e6ea05eea7f6febf02'),
(8883, 149, 1, 1, 14, 'e2b83632826a30917a12ff201e0d4a3a'),
(8884, 149, 1, 2, 15, 'e2b83632826a30917a12ff201e0d4a3a'),
(8885, 149, 1, 3, 18, 'e2b83632826a30917a12ff201e0d4a3a'),
(8886, 149, 1, 4, 20, 'e2b83632826a30917a12ff201e0d4a3a'),
(8887, 149, 1, 5, 22, 'e2b83632826a30917a12ff201e0d4a3a'),
(8888, 149, 1, 6, 24, 'e2b83632826a30917a12ff201e0d4a3a'),
(8889, 149, 1, 7, 26, 'e2b83632826a30917a12ff201e0d4a3a'),
(8890, 149, 1, 8, 27, 'e2b83632826a30917a12ff201e0d4a3a'),
(8891, 149, 1, 9, 30, 'e2b83632826a30917a12ff201e0d4a3a'),
(8892, 149, 1, 10, 31, 'e2b83632826a30917a12ff201e0d4a3a'),
(8893, 149, 1, 11, 215, 'e2b83632826a30917a12ff201e0d4a3a'),
(8894, 149, 1, 12, 217, 'e2b83632826a30917a12ff201e0d4a3a'),
(8895, 149, 1, 13, 219, 'e2b83632826a30917a12ff201e0d4a3a'),
(8896, 149, 1, 14, 220, 'e2b83632826a30917a12ff201e0d4a3a'),
(8897, 149, 1, 15, 222, 'e2b83632826a30917a12ff201e0d4a3a'),
(8898, 149, 1, 16, 224, 'e2b83632826a30917a12ff201e0d4a3a'),
(8899, 149, 1, 17, 226, 'e2b83632826a30917a12ff201e0d4a3a'),
(8900, 149, 1, 18, 228, 'e2b83632826a30917a12ff201e0d4a3a'),
(8901, 149, 1, 19, 230, 'e2b83632826a30917a12ff201e0d4a3a'),
(8902, 149, 1, 20, 233, 'e2b83632826a30917a12ff201e0d4a3a'),
(8903, 149, 1, 21, 235, 'e2b83632826a30917a12ff201e0d4a3a'),
(8904, 149, 1, 22, 237, 'e2b83632826a30917a12ff201e0d4a3a'),
(8905, 149, 1, 23, 238, 'e2b83632826a30917a12ff201e0d4a3a'),
(8906, 149, 1, 24, 240, 'e2b83632826a30917a12ff201e0d4a3a'),
(8907, 149, 1, 25, 242, 'e2b83632826a30917a12ff201e0d4a3a'),
(8908, 149, 1, 26, 245, 'e2b83632826a30917a12ff201e0d4a3a'),
(8909, 149, 1, 27, 247, 'a0c93158a589fda00159b11fc50065ca'),
(8910, 149, 1, 28, 249, 'a0c93158a589fda00159b11fc50065ca'),
(8911, 149, 1, 29, 250, 'a0c93158a589fda00159b11fc50065ca'),
(8912, 149, 1, 30, 252, 'a0c93158a589fda00159b11fc50065ca'),
(8913, 149, 1, 31, 255, 'a0c93158a589fda00159b11fc50065ca'),
(8914, 149, 37, 1, 67, 'a0c93158a589fda00159b11fc50065ca'),
(8915, 149, 37, 2, 70, 'a0c93158a589fda00159b11fc50065ca'),
(8916, 149, 37, 3, 72, 'a0c93158a589fda00159b11fc50065ca'),
(8917, 149, 37, 4, 74, 'a0c93158a589fda00159b11fc50065ca'),
(8918, 149, 37, 5, 80, 'a0c93158a589fda00159b11fc50065ca'),
(8919, 149, 37, 6, 81, 'a0c93158a589fda00159b11fc50065ca'),
(8920, 149, 37, 7, 83, 'a0c93158a589fda00159b11fc50065ca'),
(8921, 149, 37, 8, 85, 'a0c93158a589fda00159b11fc50065ca'),
(8922, 149, 37, 9, 88, 'a0c93158a589fda00159b11fc50065ca'),
(8923, 149, 37, 10, 90, 'a0c93158a589fda00159b11fc50065ca'),
(8924, 149, 37, 11, 92, 'a0c93158a589fda00159b11fc50065ca'),
(8925, 149, 37, 12, 94, 'a0c93158a589fda00159b11fc50065ca'),
(8926, 149, 37, 13, 96, 'a0c93158a589fda00159b11fc50065ca'),
(8927, 149, 37, 14, 97, 'a0c93158a589fda00159b11fc50065ca'),
(8928, 149, 37, 15, 102, 'a0c93158a589fda00159b11fc50065ca'),
(8929, 134, 37, 1, 68, 'b693cb917480c61a075648625621a9f6'),
(8930, 149, 37, 16, 105, 'a0c93158a589fda00159b11fc50065ca'),
(8931, 149, 37, 17, 106, 'a0c93158a589fda00159b11fc50065ca'),
(8932, 149, 37, 18, 109, 'a0c93158a589fda00159b11fc50065ca'),
(8933, 149, 37, 19, 111, 'a0c93158a589fda00159b11fc50065ca'),
(8934, 134, 37, 2, 69, 'b693cb917480c61a075648625621a9f6'),
(8935, 149, 37, 20, 112, 'a0c93158a589fda00159b11fc50065ca'),
(8936, 149, 37, 21, 114, 'a0c93158a589fda00159b11fc50065ca'),
(8937, 149, 37, 22, 116, 'a0c93158a589fda00159b11fc50065ca'),
(8938, 149, 37, 23, 119, 'a0c93158a589fda00159b11fc50065ca'),
(8939, 134, 37, 3, 71, 'b693cb917480c61a075648625621a9f6'),
(8940, 149, 37, 24, 120, 'a0c93158a589fda00159b11fc50065ca'),
(8941, 149, 37, 25, 123, 'a0c93158a589fda00159b11fc50065ca'),
(8942, 149, 37, 26, 124, '886476886a18ac801a9b371f99ae52dc'),
(8943, 149, 37, 27, 127, '886476886a18ac801a9b371f99ae52dc'),
(8944, 149, 37, 28, 128, '886476886a18ac801a9b371f99ae52dc'),
(8945, 149, 37, 29, 131, '886476886a18ac801a9b371f99ae52dc'),
(8946, 134, 37, 4, 73, 'b693cb917480c61a075648625621a9f6'),
(8947, 149, 37, 30, 133, '886476886a18ac801a9b371f99ae52dc'),
(8948, 134, 37, 5, 79, 'b693cb917480c61a075648625621a9f6'),
(8949, 134, 37, 6, 82, 'b693cb917480c61a075648625621a9f6'),
(8950, 149, 37, 31, 134, '886476886a18ac801a9b371f99ae52dc'),
(8951, 149, 37, 32, 137, '886476886a18ac801a9b371f99ae52dc'),
(8952, 149, 37, 33, 139, '886476886a18ac801a9b371f99ae52dc'),
(8953, 149, 37, 34, 141, '886476886a18ac801a9b371f99ae52dc'),
(8954, 149, 37, 35, 143, '886476886a18ac801a9b371f99ae52dc'),
(8955, 149, 37, 36, 144, '886476886a18ac801a9b371f99ae52dc'),
(8956, 149, 37, 37, 147, '886476886a18ac801a9b371f99ae52dc'),
(8957, 134, 37, 7, 83, 'b693cb917480c61a075648625621a9f6'),
(8958, 149, 37, 38, 149, '886476886a18ac801a9b371f99ae52dc'),
(8959, 149, 37, 39, 151, '886476886a18ac801a9b371f99ae52dc'),
(8960, 149, 37, 40, 153, '886476886a18ac801a9b371f99ae52dc'),
(8961, 149, 37, 41, 154, '886476886a18ac801a9b371f99ae52dc'),
(8962, 134, 37, 8, 85, 'b94ddaa0e74219b8e0abcd05bf8f98ce'),
(8963, 134, 37, 9, 87, 'b94ddaa0e74219b8e0abcd05bf8f98ce'),
(8964, 149, 37, 42, 157, '886476886a18ac801a9b371f99ae52dc'),
(8965, 149, 37, 43, 159, '886476886a18ac801a9b371f99ae52dc'),
(8966, 149, 37, 44, 160, '886476886a18ac801a9b371f99ae52dc'),
(8967, 134, 37, 10, 89, 'b94ddaa0e74219b8e0abcd05bf8f98ce'),
(8968, 149, 37, 45, 163, '886476886a18ac801a9b371f99ae52dc'),
(8969, 149, 37, 46, 165, '886476886a18ac801a9b371f99ae52dc'),
(8970, 149, 37, 47, 166, '886476886a18ac801a9b371f99ae52dc'),
(8971, 134, 37, 11, 92, 'b94ddaa0e74219b8e0abcd05bf8f98ce'),
(8972, 149, 37, 48, 168, '886476886a18ac801a9b371f99ae52dc'),
(8973, 134, 37, 12, 94, 'b94ddaa0e74219b8e0abcd05bf8f98ce'),
(8974, 149, 37, 49, 171, '886476886a18ac801a9b371f99ae52dc'),
(8975, 149, 37, 50, 172, '886476886a18ac801a9b371f99ae52dc'),
(8976, 134, 37, 13, 96, 'b94ddaa0e74219b8e0abcd05bf8f98ce'),
(8977, 149, 37, 51, 174, '886476886a18ac801a9b371f99ae52dc'),
(8978, 134, 37, 14, 98, 'b94ddaa0e74219b8e0abcd05bf8f98ce'),
(8979, 134, 37, 15, 102, 'b94ddaa0e74219b8e0abcd05bf8f98ce'),
(8980, 134, 37, 16, 104, 'b94ddaa0e74219b8e0abcd05bf8f98ce'),
(8981, 149, 37, 52, 176, '886476886a18ac801a9b371f99ae52dc'),
(8982, 149, 37, 53, 179, '886476886a18ac801a9b371f99ae52dc'),
(8983, 134, 37, 17, 107, 'b94ddaa0e74219b8e0abcd05bf8f98ce'),
(8984, 134, 37, 18, 108, 'b94ddaa0e74219b8e0abcd05bf8f98ce'),
(8985, 149, 37, 54, 181, '886476886a18ac801a9b371f99ae52dc'),
(8986, 134, 37, 19, 111, 'b94ddaa0e74219b8e0abcd05bf8f98ce'),
(8987, 149, 37, 55, 182, '886476886a18ac801a9b371f99ae52dc'),
(8988, 149, 37, 56, 185, '886476886a18ac801a9b371f99ae52dc'),
(8989, 134, 37, 20, 112, 'b94ddaa0e74219b8e0abcd05bf8f98ce'),
(8990, 149, 37, 57, 186, '886476886a18ac801a9b371f99ae52dc'),
(8991, 149, 37, 58, 189, '886476886a18ac801a9b371f99ae52dc'),
(8992, 149, 37, 59, 190, '886476886a18ac801a9b371f99ae52dc'),
(8993, 134, 37, 21, 114, 'b94ddaa0e74219b8e0abcd05bf8f98ce'),
(8994, 149, 37, 60, 192, '886476886a18ac801a9b371f99ae52dc'),
(8995, 149, 37, 61, 194, '886476886a18ac801a9b371f99ae52dc'),
(8996, 149, 37, 62, 196, '886476886a18ac801a9b371f99ae52dc'),
(8997, 149, 37, 63, 199, '886476886a18ac801a9b371f99ae52dc'),
(8998, 134, 37, 22, 116, 'b94ddaa0e74219b8e0abcd05bf8f98ce'),
(8999, 149, 37, 64, 200, '886476886a18ac801a9b371f99ae52dc'),
(9000, 134, 37, 23, 118, 'b94ddaa0e74219b8e0abcd05bf8f98ce'),
(9001, 149, 37, 65, 202, '886476886a18ac801a9b371f99ae52dc'),
(9002, 134, 37, 24, 120, 'b94ddaa0e74219b8e0abcd05bf8f98ce'),
(9003, 149, 37, 66, 205, '28a09bb314457991c338c5fb9e3764c0'),
(9004, 149, 37, 67, 207, '28a09bb314457991c338c5fb9e3764c0'),
(9005, 149, 37, 68, 209, '28a09bb314457991c338c5fb9e3764c0'),
(9006, 134, 37, 25, 122, 'b94ddaa0e74219b8e0abcd05bf8f98ce'),
(9007, 134, 37, 26, 124, 'b94ddaa0e74219b8e0abcd05bf8f98ce'),
(9008, 134, 37, 27, 126, 'b94ddaa0e74219b8e0abcd05bf8f98ce'),
(9009, 149, 37, 69, 210, '28a09bb314457991c338c5fb9e3764c0'),
(9010, 134, 37, 28, 129, 'b94ddaa0e74219b8e0abcd05bf8f98ce'),
(9011, 134, 37, 29, 130, 'b94ddaa0e74219b8e0abcd05bf8f98ce'),
(9012, 134, 37, 30, 132, 'b94ddaa0e74219b8e0abcd05bf8f98ce'),
(9013, 134, 37, 31, 135, 'b94ddaa0e74219b8e0abcd05bf8f98ce'),
(9014, 134, 37, 32, 136, '0ecad436881425e7f007da11da8d80fa'),
(9015, 134, 37, 33, 138, '0ecad436881425e7f007da11da8d80fa'),
(9016, 134, 37, 34, 140, '0ecad436881425e7f007da11da8d80fa'),
(9017, 134, 37, 35, 143, '0ecad436881425e7f007da11da8d80fa'),
(9018, 134, 37, 36, 144, '0ecad436881425e7f007da11da8d80fa'),
(9019, 134, 37, 37, 146, '0ecad436881425e7f007da11da8d80fa'),
(9020, 134, 37, 38, 148, '0ecad436881425e7f007da11da8d80fa'),
(9021, 134, 37, 39, 150, '0ecad436881425e7f007da11da8d80fa'),
(9022, 134, 37, 40, 153, '0ecad436881425e7f007da11da8d80fa'),
(9023, 134, 37, 41, 154, '0ecad436881425e7f007da11da8d80fa'),
(9024, 134, 37, 42, 157, '0ecad436881425e7f007da11da8d80fa'),
(9025, 134, 37, 43, 159, '0ecad436881425e7f007da11da8d80fa'),
(9026, 134, 37, 44, 161, '0ecad436881425e7f007da11da8d80fa'),
(9027, 134, 37, 45, 162, '0ecad436881425e7f007da11da8d80fa'),
(9028, 134, 37, 46, 164, '0ecad436881425e7f007da11da8d80fa'),
(9029, 134, 37, 47, 166, '0ecad436881425e7f007da11da8d80fa'),
(9030, 134, 37, 48, 169, '0ecad436881425e7f007da11da8d80fa'),
(9031, 134, 37, 49, 170, '0ecad436881425e7f007da11da8d80fa'),
(9032, 134, 37, 50, 173, '0ecad436881425e7f007da11da8d80fa'),
(9033, 134, 37, 51, 174, '0ecad436881425e7f007da11da8d80fa'),
(9034, 134, 37, 52, 177, '0ecad436881425e7f007da11da8d80fa'),
(9035, 134, 37, 53, 178, '0ecad436881425e7f007da11da8d80fa'),
(9036, 134, 37, 54, 181, '0ecad436881425e7f007da11da8d80fa'),
(9037, 134, 37, 55, 183, '0ecad436881425e7f007da11da8d80fa'),
(9038, 134, 37, 56, 184, '0ecad436881425e7f007da11da8d80fa'),
(9039, 134, 37, 57, 187, '0ecad436881425e7f007da11da8d80fa'),
(9040, 134, 37, 58, 189, '0ecad436881425e7f007da11da8d80fa'),
(9041, 134, 37, 59, 191, '0ecad436881425e7f007da11da8d80fa'),
(9042, 134, 37, 60, 193, '0ecad436881425e7f007da11da8d80fa'),
(9043, 134, 37, 61, 194, '0ecad436881425e7f007da11da8d80fa'),
(9044, 134, 37, 62, 197, '0ecad436881425e7f007da11da8d80fa'),
(9045, 134, 37, 63, 199, '0ecad436881425e7f007da11da8d80fa'),
(9046, 134, 37, 64, 201, '0ecad436881425e7f007da11da8d80fa'),
(9047, 134, 37, 65, 203, '0ecad436881425e7f007da11da8d80fa'),
(9048, 134, 37, 66, 204, '0ecad436881425e7f007da11da8d80fa'),
(9049, 134, 37, 67, 206, '0ecad436881425e7f007da11da8d80fa'),
(9050, 134, 37, 68, 209, '0ecad436881425e7f007da11da8d80fa'),
(9064, 157, 1, 1, 13, 'b3d4b0401e31dc99c4e8842b82d72699'),
(9065, 157, 1, 2, 15, 'b3d4b0401e31dc99c4e8842b82d72699'),
(9067, 157, 1, 3, 18, 'b3d4b0401e31dc99c4e8842b82d72699'),
(9068, 157, 1, 4, 20, 'b3d4b0401e31dc99c4e8842b82d72699'),
(9070, 157, 1, 5, 21, 'b3d4b0401e31dc99c4e8842b82d72699'),
(9072, 157, 1, 6, 24, 'b3d4b0401e31dc99c4e8842b82d72699'),
(9073, 157, 1, 7, 26, 'b3d4b0401e31dc99c4e8842b82d72699'),
(9074, 157, 1, 8, 28, 'b3d4b0401e31dc99c4e8842b82d72699'),
(9076, 157, 1, 9, 30, 'b3d4b0401e31dc99c4e8842b82d72699'),
(9077, 157, 1, 10, 31, 'b3d4b0401e31dc99c4e8842b82d72699'),
(9079, 157, 1, 11, 215, 'b3d4b0401e31dc99c4e8842b82d72699'),
(9081, 157, 1, 12, 216, 'b3d4b0401e31dc99c4e8842b82d72699'),
(9082, 157, 1, 13, 219, 'b3d4b0401e31dc99c4e8842b82d72699'),
(9083, 157, 1, 14, 220, 'b3d4b0401e31dc99c4e8842b82d72699'),
(9085, 157, 1, 15, 222, 'b3d4b0401e31dc99c4e8842b82d72699'),
(9086, 157, 1, 16, 225, 'b3d4b0401e31dc99c4e8842b82d72699'),
(9088, 157, 1, 17, 226, 'b3d4b0401e31dc99c4e8842b82d72699'),
(9090, 157, 1, 18, 229, 'b3d4b0401e31dc99c4e8842b82d72699'),
(9092, 157, 1, 19, 231, 'b3d4b0401e31dc99c4e8842b82d72699'),
(9096, 157, 1, 20, 232, 'b3d4b0401e31dc99c4e8842b82d72699'),
(9098, 157, 1, 21, 235, 'b3d4b0401e31dc99c4e8842b82d72699'),
(9099, 157, 1, 22, 236, 'b3d4b0401e31dc99c4e8842b82d72699'),
(9103, 157, 1, 23, 238, 'b3d4b0401e31dc99c4e8842b82d72699'),
(9104, 157, 1, 24, 241, 'b3d4b0401e31dc99c4e8842b82d72699'),
(9105, 157, 1, 25, 242, 'b3d4b0401e31dc99c4e8842b82d72699'),
(9106, 157, 1, 26, 244, 'b3d4b0401e31dc99c4e8842b82d72699'),
(9107, 157, 1, 27, 247, 'b3d4b0401e31dc99c4e8842b82d72699'),
(9108, 157, 1, 28, 248, 'b3d4b0401e31dc99c4e8842b82d72699'),
(9109, 157, 1, 29, 250, 'b3d4b0401e31dc99c4e8842b82d72699'),
(9110, 157, 1, 30, 252, 'b3d4b0401e31dc99c4e8842b82d72699'),
(9111, 157, 1, 31, 255, 'b28a989c7d4d84340ad2fe6cfeccc089'),
(9136, 159, 1, 22, 237, 'ee337cf61681876849194eb216b7f7ec'),
(9137, 159, 1, 23, 239, 'ee337cf61681876849194eb216b7f7ec'),
(9138, 159, 1, 24, 241, 'ee337cf61681876849194eb216b7f7ec'),
(9139, 159, 1, 25, 243, 'ee337cf61681876849194eb216b7f7ec'),
(9140, 159, 1, 26, 244, 'ee337cf61681876849194eb216b7f7ec'),
(9141, 159, 1, 27, 247, 'ee337cf61681876849194eb216b7f7ec'),
(9142, 159, 1, 28, 249, 'ee337cf61681876849194eb216b7f7ec'),
(9143, 159, 1, 29, 251, 'ee337cf61681876849194eb216b7f7ec'),
(9144, 159, 1, 30, 253, 'ee337cf61681876849194eb216b7f7ec'),
(9145, 160, 1, 1, 13, '084e5bb01d360df909aeafb8cb1e8375'),
(9146, 160, 1, 2, 15, '084e5bb01d360df909aeafb8cb1e8375'),
(9147, 160, 1, 3, 17, '084e5bb01d360df909aeafb8cb1e8375'),
(9148, 160, 1, 4, 20, '084e5bb01d360df909aeafb8cb1e8375'),
(9149, 160, 1, 5, 21, '084e5bb01d360df909aeafb8cb1e8375'),
(9150, 160, 1, 6, 23, '084e5bb01d360df909aeafb8cb1e8375'),
(9151, 160, 1, 7, 26, '084e5bb01d360df909aeafb8cb1e8375'),
(9152, 160, 1, 8, 28, '084e5bb01d360df909aeafb8cb1e8375'),
(9153, 160, 1, 9, 29, '084e5bb01d360df909aeafb8cb1e8375'),
(9154, 160, 1, 10, 32, '084e5bb01d360df909aeafb8cb1e8375'),
(9155, 160, 1, 11, 214, '084e5bb01d360df909aeafb8cb1e8375'),
(9156, 160, 1, 12, 216, '084e5bb01d360df909aeafb8cb1e8375'),
(9157, 160, 1, 13, 219, '084e5bb01d360df909aeafb8cb1e8375'),
(9158, 160, 1, 14, 221, '084e5bb01d360df909aeafb8cb1e8375'),
(9159, 160, 1, 15, 223, '084e5bb01d360df909aeafb8cb1e8375'),
(9160, 160, 1, 16, 224, '084e5bb01d360df909aeafb8cb1e8375'),
(9161, 160, 1, 17, 227, '084e5bb01d360df909aeafb8cb1e8375'),
(9162, 160, 1, 18, 228, '084e5bb01d360df909aeafb8cb1e8375'),
(9163, 159, 1, 31, 255, 'ee337cf61681876849194eb216b7f7ec'),
(9164, 160, 1, 19, 231, '084e5bb01d360df909aeafb8cb1e8375'),
(9165, 160, 1, 20, 232, '084e5bb01d360df909aeafb8cb1e8375'),
(9166, 160, 1, 21, 234, '084e5bb01d360df909aeafb8cb1e8375'),
(9167, 160, 1, 22, 237, '084e5bb01d360df909aeafb8cb1e8375'),
(9168, 160, 1, 23, 238, '084e5bb01d360df909aeafb8cb1e8375'),
(9169, 160, 1, 24, 241, '2ec0c13a249776763c1dd4a79eda93e8'),
(9170, 160, 1, 25, 242, '2ec0c13a249776763c1dd4a79eda93e8'),
(9171, 160, 1, 26, 244, '2ec0c13a249776763c1dd4a79eda93e8'),
(9172, 160, 1, 27, 247, '2ec0c13a249776763c1dd4a79eda93e8'),
(9173, 160, 1, 28, 248, '2ec0c13a249776763c1dd4a79eda93e8'),
(9174, 159, 37, 2, 70, '33341c63f25ae29140529779cbe95e00'),
(9175, 159, 37, 3, 72, '33341c63f25ae29140529779cbe95e00'),
(9176, 160, 1, 29, 251, '2ec0c13a249776763c1dd4a79eda93e8'),
(9177, 160, 1, 30, 253, '2ec0c13a249776763c1dd4a79eda93e8'),
(9178, 159, 37, 4, 74, '33341c63f25ae29140529779cbe95e00'),
(9179, 159, 37, 5, 79, '33341c63f25ae29140529779cbe95e00'),
(9180, 159, 37, 6, 81, '33341c63f25ae29140529779cbe95e00'),
(9181, 159, 37, 7, 83, '33341c63f25ae29140529779cbe95e00'),
(9182, 159, 37, 8, 86, '33341c63f25ae29140529779cbe95e00'),
(9183, 159, 37, 9, 88, '33341c63f25ae29140529779cbe95e00'),
(9184, 159, 37, 10, 90, '33341c63f25ae29140529779cbe95e00'),
(9185, 159, 37, 11, 91, '33341c63f25ae29140529779cbe95e00'),
(9186, 159, 37, 12, 94, '33341c63f25ae29140529779cbe95e00'),
(9187, 159, 37, 13, 96, '33341c63f25ae29140529779cbe95e00'),
(9188, 159, 37, 14, 98, '33341c63f25ae29140529779cbe95e00'),
(9189, 159, 37, 15, 103, '33341c63f25ae29140529779cbe95e00'),
(9190, 159, 37, 16, 105, '33341c63f25ae29140529779cbe95e00'),
(9191, 159, 37, 17, 106, '33341c63f25ae29140529779cbe95e00'),
(9192, 159, 37, 18, 109, '33341c63f25ae29140529779cbe95e00'),
(9193, 159, 37, 19, 110, '33341c63f25ae29140529779cbe95e00'),
(9194, 159, 37, 20, 112, '33341c63f25ae29140529779cbe95e00'),
(9195, 159, 37, 21, 115, '33341c63f25ae29140529779cbe95e00'),
(9196, 159, 37, 22, 117, '33341c63f25ae29140529779cbe95e00'),
(9197, 159, 37, 23, 118, '33341c63f25ae29140529779cbe95e00'),
(9198, 159, 37, 24, 121, '1bf7a93f54228bfb7b211306cbbe5493'),
(9199, 159, 37, 25, 123, '1bf7a93f54228bfb7b211306cbbe5493'),
(9200, 159, 37, 26, 124, '1bf7a93f54228bfb7b211306cbbe5493'),
(9201, 159, 37, 27, 127, '1bf7a93f54228bfb7b211306cbbe5493'),
(9202, 159, 37, 28, 129, '1bf7a93f54228bfb7b211306cbbe5493'),
(9203, 159, 37, 29, 130, '1bf7a93f54228bfb7b211306cbbe5493'),
(9204, 159, 37, 30, 133, '1bf7a93f54228bfb7b211306cbbe5493'),
(9205, 159, 37, 31, 134, '1bf7a93f54228bfb7b211306cbbe5493'),
(9206, 159, 37, 32, 137, '1bf7a93f54228bfb7b211306cbbe5493'),
(9207, 159, 37, 33, 138, '1bf7a93f54228bfb7b211306cbbe5493'),
(9208, 159, 37, 34, 141, '1bf7a93f54228bfb7b211306cbbe5493'),
(9209, 159, 37, 35, 143, '1bf7a93f54228bfb7b211306cbbe5493'),
(9210, 159, 37, 36, 144, '1bf7a93f54228bfb7b211306cbbe5493'),
(9211, 159, 37, 37, 147, '1bf7a93f54228bfb7b211306cbbe5493'),
(9212, 161, 1, 1, 13, '1fb98053b0669d2446ca756fab38a839'),
(9213, 161, 1, 2, 16, '1fb98053b0669d2446ca756fab38a839'),
(9214, 159, 37, 38, 148, '1bf7a93f54228bfb7b211306cbbe5493'),
(9215, 161, 1, 3, 17, '1fb98053b0669d2446ca756fab38a839'),
(9216, 161, 1, 4, 19, '1fb98053b0669d2446ca756fab38a839'),
(9217, 161, 1, 5, 22, '1fb98053b0669d2446ca756fab38a839'),
(9218, 159, 37, 39, 151, '1bf7a93f54228bfb7b211306cbbe5493'),
(9219, 161, 1, 6, 24, '1fb98053b0669d2446ca756fab38a839'),
(9220, 159, 37, 40, 152, '1bf7a93f54228bfb7b211306cbbe5493'),
(9221, 161, 1, 7, 25, '1fb98053b0669d2446ca756fab38a839'),
(9222, 161, 1, 8, 27, '1fb98053b0669d2446ca756fab38a839'),
(9223, 161, 1, 9, 30, '1fb98053b0669d2446ca756fab38a839'),
(9224, 161, 1, 10, 31, '1fb98053b0669d2446ca756fab38a839'),
(9225, 161, 1, 11, 214, '1fb98053b0669d2446ca756fab38a839'),
(9226, 159, 37, 41, 154, '1bf7a93f54228bfb7b211306cbbe5493'),
(9227, 161, 1, 12, 217, '1fb98053b0669d2446ca756fab38a839'),
(9228, 159, 37, 42, 157, '1bf7a93f54228bfb7b211306cbbe5493'),
(9229, 161, 1, 13, 218, '1fb98053b0669d2446ca756fab38a839'),
(9230, 161, 1, 14, 221, '1fb98053b0669d2446ca756fab38a839'),
(9231, 161, 1, 15, 223, '1fb98053b0669d2446ca756fab38a839'),
(9232, 161, 1, 16, 225, '1fb98053b0669d2446ca756fab38a839'),
(9233, 161, 1, 17, 227, '1fb98053b0669d2446ca756fab38a839'),
(9234, 161, 1, 18, 229, '1fb98053b0669d2446ca756fab38a839'),
(9235, 161, 1, 19, 231, '1fb98053b0669d2446ca756fab38a839'),
(9236, 161, 1, 20, 232, '1fb98053b0669d2446ca756fab38a839'),
(9237, 161, 1, 18, 229, '1fb98053b0669d2446ca756fab38a839'),
(9238, 161, 1, 21, 234, '1fb98053b0669d2446ca756fab38a839'),
(9239, 161, 1, 22, 237, '1fb98053b0669d2446ca756fab38a839'),
(9240, 161, 1, 23, 238, '1fb98053b0669d2446ca756fab38a839'),
(9241, 161, 1, 24, 241, '1fb98053b0669d2446ca756fab38a839'),
(9242, 161, 1, 25, 242, '1fb98053b0669d2446ca756fab38a839'),
(9243, 161, 1, 26, 245, '1fb98053b0669d2446ca756fab38a839'),
(9244, 161, 1, 27, 246, '1fb98053b0669d2446ca756fab38a839'),
(9245, 159, 37, 43, 158, '1bf7a93f54228bfb7b211306cbbe5493'),
(9246, 161, 1, 28, 248, '1fb98053b0669d2446ca756fab38a839'),
(9247, 161, 1, 29, 250, '1fb98053b0669d2446ca756fab38a839'),
(9248, 161, 1, 30, 253, '1fb98053b0669d2446ca756fab38a839'),
(9249, 159, 37, 44, 161, '1bf7a93f54228bfb7b211306cbbe5493'),
(9250, 159, 37, 45, 162, '1bf7a93f54228bfb7b211306cbbe5493'),
(9251, 159, 37, 46, 165, '1bf7a93f54228bfb7b211306cbbe5493'),
(9252, 159, 37, 47, 166, '1bf7a93f54228bfb7b211306cbbe5493'),
(9253, 159, 37, 48, 169, '1bf7a93f54228bfb7b211306cbbe5493'),
(9254, 159, 37, 49, 170, '1bf7a93f54228bfb7b211306cbbe5493'),
(9255, 159, 37, 50, 173, '1bf7a93f54228bfb7b211306cbbe5493'),
(9256, 159, 37, 51, 174, '1bf7a93f54228bfb7b211306cbbe5493'),
(9257, 159, 37, 52, 177, '1bf7a93f54228bfb7b211306cbbe5493'),
(9258, 159, 37, 53, 178, '1bf7a93f54228bfb7b211306cbbe5493'),
(9259, 159, 37, 54, 180, '1bf7a93f54228bfb7b211306cbbe5493'),
(9260, 159, 37, 55, 183, '1bf7a93f54228bfb7b211306cbbe5493'),
(9261, 159, 37, 56, 184, '1bf7a93f54228bfb7b211306cbbe5493'),
(9262, 159, 37, 57, 187, '1bf7a93f54228bfb7b211306cbbe5493'),
(9263, 159, 37, 58, 189, '1bf7a93f54228bfb7b211306cbbe5493'),
(9264, 159, 37, 59, 190, '1bf7a93f54228bfb7b211306cbbe5493'),
(9265, 159, 37, 60, 193, '1bf7a93f54228bfb7b211306cbbe5493'),
(9266, 159, 37, 61, 194, '1bf7a93f54228bfb7b211306cbbe5493'),
(9267, 159, 37, 62, 196, '1bf7a93f54228bfb7b211306cbbe5493'),
(9268, 159, 37, 63, 199, '1bf7a93f54228bfb7b211306cbbe5493'),
(9269, 159, 37, 64, 201, '1bf7a93f54228bfb7b211306cbbe5493'),
(9270, 159, 37, 65, 202, '1bf7a93f54228bfb7b211306cbbe5493'),
(9271, 159, 37, 66, 205, '1bf7a93f54228bfb7b211306cbbe5493'),
(9272, 159, 37, 67, 206, '1bf7a93f54228bfb7b211306cbbe5493'),
(9273, 159, 37, 68, 209, '1bf7a93f54228bfb7b211306cbbe5493'),
(9295, 162, 1, 18, 229, 'f53aa024d9c2427aa9b62e6a22f26969'),
(9296, 162, 1, 19, 231, 'f53aa024d9c2427aa9b62e6a22f26969'),
(9297, 162, 1, 20, 233, 'f53aa024d9c2427aa9b62e6a22f26969'),
(9298, 162, 1, 21, 234, 'f53aa024d9c2427aa9b62e6a22f26969'),
(9299, 162, 1, 22, 237, 'f53aa024d9c2427aa9b62e6a22f26969'),
(9300, 162, 1, 23, 239, 'f53aa024d9c2427aa9b62e6a22f26969'),
(9301, 162, 1, 24, 241, 'f53aa024d9c2427aa9b62e6a22f26969'),
(9302, 162, 1, 25, 243, 'f53aa024d9c2427aa9b62e6a22f26969'),
(9303, 162, 1, 26, 245, 'f53aa024d9c2427aa9b62e6a22f26969'),
(9304, 162, 1, 27, 247, 'f53aa024d9c2427aa9b62e6a22f26969'),
(9305, 162, 1, 28, 248, 'f53aa024d9c2427aa9b62e6a22f26969'),
(9306, 162, 1, 29, 251, 'f53aa024d9c2427aa9b62e6a22f26969'),
(9307, 162, 1, 30, 252, 'f53aa024d9c2427aa9b62e6a22f26969'),
(9308, 162, 1, 31, 255, 'b8515bde7986bb2918d106d4ca7b19be'),
(9309, 162, 37, 1, 68, 'b8515bde7986bb2918d106d4ca7b19be'),
(9310, 162, 37, 2, 69, 'b8515bde7986bb2918d106d4ca7b19be'),
(9311, 162, 37, 3, 72, 'b8515bde7986bb2918d106d4ca7b19be'),
(9312, 162, 37, 4, 73, 'b8515bde7986bb2918d106d4ca7b19be'),
(9313, 162, 37, 5, 79, 'b8515bde7986bb2918d106d4ca7b19be'),
(9314, 162, 37, 6, 81, 'b8515bde7986bb2918d106d4ca7b19be'),
(9315, 162, 37, 7, 83, 'b8515bde7986bb2918d106d4ca7b19be'),
(9316, 162, 37, 8, 85, 'b8515bde7986bb2918d106d4ca7b19be'),
(9317, 162, 37, 9, 88, 'b8515bde7986bb2918d106d4ca7b19be'),
(9318, 162, 37, 10, 90, 'b8515bde7986bb2918d106d4ca7b19be'),
(9319, 162, 37, 11, 91, 'b8515bde7986bb2918d106d4ca7b19be'),
(9320, 162, 37, 12, 94, 'b8515bde7986bb2918d106d4ca7b19be'),
(9321, 162, 37, 13, 96, 'b8515bde7986bb2918d106d4ca7b19be'),
(9322, 162, 37, 14, 97, 'b8515bde7986bb2918d106d4ca7b19be'),
(9323, 162, 37, 15, 102, 'b8515bde7986bb2918d106d4ca7b19be'),
(9324, 162, 37, 16, 105, 'b8515bde7986bb2918d106d4ca7b19be'),
(9325, 162, 37, 17, 107, 'b8515bde7986bb2918d106d4ca7b19be'),
(9326, 162, 37, 18, 109, 'b8515bde7986bb2918d106d4ca7b19be'),
(9327, 162, 37, 19, 110, 'b8515bde7986bb2918d106d4ca7b19be'),
(9328, 162, 37, 20, 112, 'b8515bde7986bb2918d106d4ca7b19be'),
(9329, 162, 37, 21, 115, 'b8515bde7986bb2918d106d4ca7b19be'),
(9330, 162, 37, 22, 117, 'b8515bde7986bb2918d106d4ca7b19be'),
(9331, 162, 37, 23, 118, 'b8515bde7986bb2918d106d4ca7b19be'),
(9332, 162, 37, 24, 121, 'b8515bde7986bb2918d106d4ca7b19be'),
(9333, 162, 37, 25, 122, 'b8515bde7986bb2918d106d4ca7b19be'),
(9334, 162, 37, 26, 124, 'b8515bde7986bb2918d106d4ca7b19be'),
(9335, 162, 37, 27, 126, 'b8515bde7986bb2918d106d4ca7b19be'),
(9336, 162, 37, 28, 128, 'b8515bde7986bb2918d106d4ca7b19be'),
(9337, 162, 37, 29, 131, 'b8515bde7986bb2918d106d4ca7b19be'),
(9338, 162, 37, 30, 133, 'b8515bde7986bb2918d106d4ca7b19be'),
(9339, 162, 37, 31, 135, '178a2c5d4ad2d0f8a598c7a17748e179'),
(9340, 162, 37, 32, 136, '178a2c5d4ad2d0f8a598c7a17748e179'),
(9341, 162, 37, 33, 138, '178a2c5d4ad2d0f8a598c7a17748e179'),
(9342, 162, 37, 34, 141, '178a2c5d4ad2d0f8a598c7a17748e179'),
(9343, 162, 37, 35, 143, '178a2c5d4ad2d0f8a598c7a17748e179'),
(9344, 162, 37, 36, 144, '178a2c5d4ad2d0f8a598c7a17748e179'),
(9345, 162, 37, 37, 146, '178a2c5d4ad2d0f8a598c7a17748e179'),
(9346, 162, 37, 38, 148, '178a2c5d4ad2d0f8a598c7a17748e179'),
(9347, 162, 37, 39, 151, '178a2c5d4ad2d0f8a598c7a17748e179'),
(9348, 162, 37, 40, 152, '178a2c5d4ad2d0f8a598c7a17748e179'),
(9349, 162, 37, 41, 154, '178a2c5d4ad2d0f8a598c7a17748e179'),
(9350, 162, 37, 42, 156, '178a2c5d4ad2d0f8a598c7a17748e179'),
(9351, 162, 37, 43, 159, '178a2c5d4ad2d0f8a598c7a17748e179'),
(9352, 162, 37, 44, 160, '178a2c5d4ad2d0f8a598c7a17748e179'),
(9353, 162, 37, 45, 162, '178a2c5d4ad2d0f8a598c7a17748e179'),
(9354, 162, 37, 46, 164, '178a2c5d4ad2d0f8a598c7a17748e179'),
(9355, 162, 37, 47, 167, '178a2c5d4ad2d0f8a598c7a17748e179'),
(9356, 162, 37, 48, 169, '178a2c5d4ad2d0f8a598c7a17748e179'),
(9357, 162, 37, 49, 171, '178a2c5d4ad2d0f8a598c7a17748e179'),
(9358, 162, 37, 50, 173, '178a2c5d4ad2d0f8a598c7a17748e179'),
(9359, 162, 37, 51, 174, '178a2c5d4ad2d0f8a598c7a17748e179'),
(9360, 162, 37, 52, 176, '178a2c5d4ad2d0f8a598c7a17748e179'),
(9361, 162, 37, 53, 178, '178a2c5d4ad2d0f8a598c7a17748e179'),
(9362, 162, 37, 54, 180, '178a2c5d4ad2d0f8a598c7a17748e179'),
(9363, 162, 37, 55, 182, '178a2c5d4ad2d0f8a598c7a17748e179'),
(9364, 162, 37, 56, 184, '178a2c5d4ad2d0f8a598c7a17748e179'),
(9365, 162, 37, 57, 187, '178a2c5d4ad2d0f8a598c7a17748e179'),
(9366, 162, 37, 58, 189, '178a2c5d4ad2d0f8a598c7a17748e179'),
(9367, 162, 37, 59, 190, '178a2c5d4ad2d0f8a598c7a17748e179'),
(9368, 162, 37, 60, 192, '178a2c5d4ad2d0f8a598c7a17748e179'),
(9369, 162, 37, 61, 194, '178a2c5d4ad2d0f8a598c7a17748e179'),
(9370, 162, 37, 62, 196, '178a2c5d4ad2d0f8a598c7a17748e179'),
(9371, 162, 37, 63, 199, '178a2c5d4ad2d0f8a598c7a17748e179'),
(9372, 162, 37, 64, 201, '178a2c5d4ad2d0f8a598c7a17748e179'),
(9373, 162, 37, 65, 203, '178a2c5d4ad2d0f8a598c7a17748e179'),
(9374, 162, 37, 66, 205, 'bdc02441ae4857100101aa79e61cb72e'),
(9375, 162, 37, 67, 207, 'bdc02441ae4857100101aa79e61cb72e'),
(9376, 162, 37, 68, 209, 'bdc02441ae4857100101aa79e61cb72e'),
(9377, 163, 1, 1, 13, '741f38d411da643a0580689fd3d5c5ff'),
(9378, 163, 1, 2, 15, '741f38d411da643a0580689fd3d5c5ff'),
(9379, 163, 1, 3, 17, '741f38d411da643a0580689fd3d5c5ff'),
(9380, 164, 1, 1, 13, '633a8b0fea3a772bf57a5c23418fd0a5'),
(9381, 163, 1, 4, 20, '741f38d411da643a0580689fd3d5c5ff'),
(9382, 164, 1, 2, 16, '633a8b0fea3a772bf57a5c23418fd0a5'),
(9383, 163, 1, 5, 21, '741f38d411da643a0580689fd3d5c5ff'),
(9384, 164, 1, 3, 18, '633a8b0fea3a772bf57a5c23418fd0a5'),
(9385, 164, 1, 4, 20, '633a8b0fea3a772bf57a5c23418fd0a5'),
(9386, 163, 1, 6, 23, '741f38d411da643a0580689fd3d5c5ff'),
(9387, 164, 1, 5, 21, '633a8b0fea3a772bf57a5c23418fd0a5'),
(9388, 163, 1, 7, 26, '741f38d411da643a0580689fd3d5c5ff'),
(9389, 164, 1, 6, 23, '633a8b0fea3a772bf57a5c23418fd0a5'),
(9390, 163, 1, 8, 28, '741f38d411da643a0580689fd3d5c5ff'),
(9391, 163, 1, 9, 29, '741f38d411da643a0580689fd3d5c5ff'),
(9392, 164, 1, 7, 26, '633a8b0fea3a772bf57a5c23418fd0a5'),
(9393, 163, 1, 10, 31, '741f38d411da643a0580689fd3d5c5ff'),
(9394, 164, 1, 8, 27, '633a8b0fea3a772bf57a5c23418fd0a5'),
(9395, 163, 1, 11, 215, '741f38d411da643a0580689fd3d5c5ff'),
(9396, 163, 1, 12, 217, '741f38d411da643a0580689fd3d5c5ff'),
(9397, 163, 1, 13, 219, '741f38d411da643a0580689fd3d5c5ff'),
(9398, 164, 1, 9, 30, '633a8b0fea3a772bf57a5c23418fd0a5'),
(9399, 164, 1, 10, 32, '633a8b0fea3a772bf57a5c23418fd0a5'),
(9400, 163, 1, 14, 220, '741f38d411da643a0580689fd3d5c5ff'),
(9401, 163, 1, 15, 222, '741f38d411da643a0580689fd3d5c5ff'),
(9402, 164, 1, 11, 215, '633a8b0fea3a772bf57a5c23418fd0a5'),
(9403, 164, 1, 12, 216, '633a8b0fea3a772bf57a5c23418fd0a5'),
(9404, 163, 1, 16, 224, '741f38d411da643a0580689fd3d5c5ff'),
(9405, 164, 1, 13, 219, '633a8b0fea3a772bf57a5c23418fd0a5'),
(9406, 163, 1, 17, 227, '741f38d411da643a0580689fd3d5c5ff'),
(9407, 164, 1, 14, 220, '633a8b0fea3a772bf57a5c23418fd0a5'),
(9408, 163, 1, 18, 228, '741f38d411da643a0580689fd3d5c5ff'),
(9409, 163, 1, 19, 231, '741f38d411da643a0580689fd3d5c5ff'),
(9410, 164, 1, 15, 223, '26089a92c4d5b068144e78f7b9fd8fe9'),
(9411, 164, 1, 16, 224, '26089a92c4d5b068144e78f7b9fd8fe9'),
(9412, 164, 1, 17, 226, '26089a92c4d5b068144e78f7b9fd8fe9'),
(9413, 163, 1, 20, 232, 'b86717e6cdc3c800572263d593e7e2b2'),
(9414, 163, 1, 21, 234, 'b86717e6cdc3c800572263d593e7e2b2'),
(9415, 164, 1, 18, 229, '26089a92c4d5b068144e78f7b9fd8fe9'),
(9416, 163, 1, 22, 237, 'b86717e6cdc3c800572263d593e7e2b2'),
(9417, 164, 1, 19, 230, '26089a92c4d5b068144e78f7b9fd8fe9'),
(9418, 163, 1, 23, 239, 'b86717e6cdc3c800572263d593e7e2b2'),
(9419, 164, 1, 20, 232, '26089a92c4d5b068144e78f7b9fd8fe9'),
(9420, 164, 1, 21, 235, '26089a92c4d5b068144e78f7b9fd8fe9'),
(9421, 163, 1, 24, 241, 'b86717e6cdc3c800572263d593e7e2b2'),
(9422, 164, 1, 22, 237, '26089a92c4d5b068144e78f7b9fd8fe9'),
(9423, 164, 1, 23, 238, '26089a92c4d5b068144e78f7b9fd8fe9'),
(9424, 163, 1, 25, 242, 'b86717e6cdc3c800572263d593e7e2b2'),
(9425, 163, 1, 26, 244, 'b86717e6cdc3c800572263d593e7e2b2'),
(9426, 164, 1, 24, 240, '26089a92c4d5b068144e78f7b9fd8fe9'),
(9427, 163, 1, 27, 247, 'b86717e6cdc3c800572263d593e7e2b2'),
(9428, 164, 1, 25, 242, '26089a92c4d5b068144e78f7b9fd8fe9'),
(9429, 164, 1, 26, 245, '26089a92c4d5b068144e78f7b9fd8fe9'),
(9430, 163, 1, 28, 248, 'b86717e6cdc3c800572263d593e7e2b2'),
(9432, 163, 1, 29, 250, 'b86717e6cdc3c800572263d593e7e2b2'),
(9434, 163, 1, 30, 253, 'b86717e6cdc3c800572263d593e7e2b2'),
(9435, 164, 1, 27, 246, '26089a92c4d5b068144e78f7b9fd8fe9'),
(9439, 165, 1, 6, 23, 'da8a8cb9ea65b4ee0af9f381e299823f'),
(9440, 165, 1, 7, 25, 'da8a8cb9ea65b4ee0af9f381e299823f'),
(9441, 165, 1, 8, 27, 'da8a8cb9ea65b4ee0af9f381e299823f'),
(9442, 165, 1, 9, 30, 'da8a8cb9ea65b4ee0af9f381e299823f'),
(9443, 165, 1, 10, 31, 'da8a8cb9ea65b4ee0af9f381e299823f'),
(9444, 165, 1, 11, 214, 'da8a8cb9ea65b4ee0af9f381e299823f'),
(9445, 164, 1, 28, 249, '26089a92c4d5b068144e78f7b9fd8fe9'),
(9446, 165, 1, 12, 216, 'da8a8cb9ea65b4ee0af9f381e299823f'),
(9447, 165, 1, 13, 218, 'da8a8cb9ea65b4ee0af9f381e299823f'),
(9448, 165, 1, 14, 220, 'da8a8cb9ea65b4ee0af9f381e299823f'),
(9449, 165, 1, 15, 222, 'da8a8cb9ea65b4ee0af9f381e299823f'),
(9450, 165, 1, 16, 224, 'da8a8cb9ea65b4ee0af9f381e299823f'),
(9451, 165, 1, 17, 226, 'da8a8cb9ea65b4ee0af9f381e299823f'),
(9452, 164, 1, 29, 250, '26089a92c4d5b068144e78f7b9fd8fe9'),
(9453, 165, 1, 18, 228, 'da8a8cb9ea65b4ee0af9f381e299823f'),
(9454, 165, 1, 19, 231, 'da8a8cb9ea65b4ee0af9f381e299823f'),
(9455, 165, 1, 20, 232, 'da8a8cb9ea65b4ee0af9f381e299823f'),
(9456, 165, 1, 21, 234, 'da8a8cb9ea65b4ee0af9f381e299823f'),
(9457, 165, 1, 22, 237, 'da8a8cb9ea65b4ee0af9f381e299823f'),
(9458, 164, 1, 30, 253, '26089a92c4d5b068144e78f7b9fd8fe9'),
(9459, 165, 1, 23, 238, 'da8a8cb9ea65b4ee0af9f381e299823f'),
(9460, 165, 1, 24, 241, 'da8a8cb9ea65b4ee0af9f381e299823f'),
(9461, 165, 1, 25, 242, 'da8a8cb9ea65b4ee0af9f381e299823f'),
(9462, 165, 1, 26, 245, 'da8a8cb9ea65b4ee0af9f381e299823f'),
(9463, 165, 1, 27, 247, 'da8a8cb9ea65b4ee0af9f381e299823f'),
(9464, 165, 1, 28, 249, 'da8a8cb9ea65b4ee0af9f381e299823f'),
(9465, 165, 1, 29, 250, 'da8a8cb9ea65b4ee0af9f381e299823f'),
(9466, 165, 1, 30, 252, 'da8a8cb9ea65b4ee0af9f381e299823f'),
(9467, 164, 1, 31, 255, '26089a92c4d5b068144e78f7b9fd8fe9'),
(9478, 165, 1, 31, 254, '49934393a6ec846e0ef512a553f3e910'),
(9508, 148, 1, 1, 13, '6aec533c98594c092246d67ac746fff8'),
(9510, 148, 1, 2, 16, '6aec533c98594c092246d67ac746fff8'),
(9511, 148, 1, 3, 18, '6aec533c98594c092246d67ac746fff8'),
(9512, 165, 37, 29, 131, '49934393a6ec846e0ef512a553f3e910'),
(9513, 148, 1, 4, 19, '6aec533c98594c092246d67ac746fff8'),
(9514, 165, 37, 30, 132, '49934393a6ec846e0ef512a553f3e910'),
(9515, 165, 37, 31, 135, '49934393a6ec846e0ef512a553f3e910'),
(9516, 148, 1, 5, 21, '6aec533c98594c092246d67ac746fff8'),
(9517, 165, 37, 32, 136, '49934393a6ec846e0ef512a553f3e910'),
(9519, 148, 1, 6, 24, '6aec533c98594c092246d67ac746fff8'),
(9520, 165, 37, 33, 139, '49934393a6ec846e0ef512a553f3e910'),
(9521, 165, 37, 34, 141, '49934393a6ec846e0ef512a553f3e910'),
(9522, 148, 1, 7, 25, '6aec533c98594c092246d67ac746fff8'),
(9523, 165, 37, 35, 143, '49934393a6ec846e0ef512a553f3e910'),
(9524, 148, 1, 8, 27, '6aec533c98594c092246d67ac746fff8'),
(9525, 165, 37, 36, 144, '49934393a6ec846e0ef512a553f3e910'),
(9526, 148, 1, 9, 30, '6aec533c98594c092246d67ac746fff8'),
(9527, 165, 37, 37, 147, '49934393a6ec846e0ef512a553f3e910'),
(9528, 148, 1, 10, 31, '6aec533c98594c092246d67ac746fff8'),
(9529, 165, 37, 38, 149, '49934393a6ec846e0ef512a553f3e910'),
(9531, 148, 1, 11, 214, '6aec533c98594c092246d67ac746fff8'),
(9532, 165, 37, 39, 151, '49934393a6ec846e0ef512a553f3e910'),
(9533, 165, 37, 40, 153, '49934393a6ec846e0ef512a553f3e910'),
(9534, 148, 1, 12, 216, '6aec533c98594c092246d67ac746fff8'),
(9535, 165, 37, 41, 154, '49934393a6ec846e0ef512a553f3e910'),
(9536, 148, 1, 13, 218, '6aec533c98594c092246d67ac746fff8'),
(9537, 165, 37, 42, 157, '49934393a6ec846e0ef512a553f3e910'),
(9538, 165, 37, 43, 159, '49934393a6ec846e0ef512a553f3e910'),
(9539, 165, 37, 44, 161, '49934393a6ec846e0ef512a553f3e910'),
(9540, 148, 1, 14, 220, '6aec533c98594c092246d67ac746fff8'),
(9541, 165, 37, 45, 163, '49934393a6ec846e0ef512a553f3e910'),
(9542, 148, 1, 15, 223, '6aec533c98594c092246d67ac746fff8'),
(9543, 165, 37, 46, 164, '49934393a6ec846e0ef512a553f3e910'),
(9544, 148, 1, 16, 225, '6aec533c98594c092246d67ac746fff8'),
(9546, 165, 37, 47, 166, '49934393a6ec846e0ef512a553f3e910'),
(9547, 148, 1, 17, 227, '6aec533c98594c092246d67ac746fff8'),
(9548, 165, 37, 48, 169, '49934393a6ec846e0ef512a553f3e910'),
(9549, 165, 37, 49, 171, '49934393a6ec846e0ef512a553f3e910'),
(9550, 165, 37, 50, 173, '49934393a6ec846e0ef512a553f3e910'),
(9551, 165, 37, 51, 174, '49934393a6ec846e0ef512a553f3e910'),
(9552, 148, 1, 18, 229, '6aec533c98594c092246d67ac746fff8'),
(9554, 165, 37, 52, 177, '49934393a6ec846e0ef512a553f3e910'),
(9555, 165, 37, 53, 178, '49934393a6ec846e0ef512a553f3e910'),
(9556, 148, 1, 19, 231, '6aec533c98594c092246d67ac746fff8'),
(9557, 165, 37, 54, 181, '49934393a6ec846e0ef512a553f3e910'),
(9558, 148, 1, 20, 232, '6aec533c98594c092246d67ac746fff8'),
(9559, 165, 37, 55, 183, '49934393a6ec846e0ef512a553f3e910'),
(9560, 165, 37, 56, 184, '49934393a6ec846e0ef512a553f3e910'),
(9561, 165, 37, 57, 187, '49934393a6ec846e0ef512a553f3e910'),
(9562, 148, 1, 21, 234, '6aec533c98594c092246d67ac746fff8'),
(9563, 165, 37, 58, 189, '49934393a6ec846e0ef512a553f3e910'),
(9565, 165, 37, 59, 191, '49934393a6ec846e0ef512a553f3e910'),
(9566, 148, 1, 22, 237, '6aec533c98594c092246d67ac746fff8'),
(9567, 165, 37, 60, 193, '49934393a6ec846e0ef512a553f3e910'),
(9568, 148, 1, 23, 238, '6aec533c98594c092246d67ac746fff8'),
(9569, 148, 1, 24, 241, '6aec533c98594c092246d67ac746fff8'),
(9570, 165, 37, 61, 194, '49934393a6ec846e0ef512a553f3e910'),
(9571, 148, 1, 25, 242, '6aec533c98594c092246d67ac746fff8'),
(9572, 165, 37, 62, 196, '49934393a6ec846e0ef512a553f3e910'),
(9573, 165, 37, 63, 199, '49934393a6ec846e0ef512a553f3e910'),
(9575, 165, 37, 64, 201, '49934393a6ec846e0ef512a553f3e910'),
(9576, 165, 37, 65, 203, '49934393a6ec846e0ef512a553f3e910'),
(9577, 165, 37, 66, 205, '49934393a6ec846e0ef512a553f3e910'),
(9578, 148, 1, 26, 245, '6aec533c98594c092246d67ac746fff8'),
(9579, 165, 37, 67, 206, '49934393a6ec846e0ef512a553f3e910'),
(9580, 165, 37, 68, 209, '49934393a6ec846e0ef512a553f3e910'),
(9581, 148, 1, 27, 247, '6aec533c98594c092246d67ac746fff8'),
(9583, 148, 1, 28, 249, '6aec533c98594c092246d67ac746fff8'),
(9584, 148, 1, 29, 250, '6aec533c98594c092246d67ac746fff8'),
(9585, 148, 1, 30, 252, '6aec533c98594c092246d67ac746fff8'),
(9587, 148, 1, 31, 254, '6aec533c98594c092246d67ac746fff8'),
(9606, 164, 37, 44, 160, '9cbcacb3c8d7372106771b91c92b10d2'),
(9607, 164, 37, 45, 162, '9cbcacb3c8d7372106771b91c92b10d2'),
(9608, 164, 37, 46, 165, '9cbcacb3c8d7372106771b91c92b10d2'),
(9609, 164, 37, 47, 167, '29f581dd50774a6f73888bd3175fda12'),
(9610, 164, 37, 48, 169, '29f581dd50774a6f73888bd3175fda12'),
(9611, 164, 37, 49, 170, '29f581dd50774a6f73888bd3175fda12'),
(9612, 164, 37, 50, 172, '29f581dd50774a6f73888bd3175fda12'),
(9613, 164, 37, 51, 174, '29f581dd50774a6f73888bd3175fda12'),
(9614, 164, 37, 52, 177, '29f581dd50774a6f73888bd3175fda12'),
(9615, 164, 37, 53, 179, '29f581dd50774a6f73888bd3175fda12'),
(9616, 164, 37, 54, 181, '29f581dd50774a6f73888bd3175fda12'),
(9617, 164, 37, 55, 183, '29f581dd50774a6f73888bd3175fda12'),
(9618, 164, 37, 56, 185, '29f581dd50774a6f73888bd3175fda12'),
(9619, 164, 37, 57, 187, '29f581dd50774a6f73888bd3175fda12'),
(9620, 164, 37, 58, 189, '29f581dd50774a6f73888bd3175fda12'),
(9621, 164, 37, 59, 191, '29f581dd50774a6f73888bd3175fda12'),
(9622, 164, 37, 60, 192, '29f581dd50774a6f73888bd3175fda12'),
(9623, 164, 37, 61, 194, '29f581dd50774a6f73888bd3175fda12'),
(9624, 164, 37, 62, 196, '29f581dd50774a6f73888bd3175fda12'),
(9625, 164, 37, 63, 199, '29f581dd50774a6f73888bd3175fda12'),
(9626, 164, 37, 64, 201, '29f581dd50774a6f73888bd3175fda12'),
(9627, 164, 37, 65, 203, '29f581dd50774a6f73888bd3175fda12'),
(9628, 164, 37, 66, 205, '29f581dd50774a6f73888bd3175fda12'),
(9629, 164, 37, 67, 206, '29f581dd50774a6f73888bd3175fda12'),
(9630, 164, 37, 68, 209, '29f581dd50774a6f73888bd3175fda12'),
(9662, 166, 37, 1, 68, 'd773962ed72edaf42cd0563ae6ba6125'),
(9663, 166, 37, 2, 70, 'd773962ed72edaf42cd0563ae6ba6125'),
(9664, 166, 37, 3, 72, 'd773962ed72edaf42cd0563ae6ba6125'),
(9665, 166, 37, 4, 73, 'd773962ed72edaf42cd0563ae6ba6125'),
(9666, 166, 37, 5, 80, 'd773962ed72edaf42cd0563ae6ba6125'),
(9667, 166, 37, 6, 82, 'd773962ed72edaf42cd0563ae6ba6125'),
(9668, 166, 37, 7, 83, 'd773962ed72edaf42cd0563ae6ba6125'),
(9669, 166, 37, 8, 85, 'd773962ed72edaf42cd0563ae6ba6125'),
(9670, 166, 37, 9, 87, 'd773962ed72edaf42cd0563ae6ba6125'),
(9671, 166, 37, 10, 89, 'd773962ed72edaf42cd0563ae6ba6125'),
(9672, 166, 37, 11, 92, 'd773962ed72edaf42cd0563ae6ba6125'),
(9673, 166, 37, 12, 94, 'd773962ed72edaf42cd0563ae6ba6125'),
(9674, 166, 37, 13, 95, 'd773962ed72edaf42cd0563ae6ba6125'),
(9675, 166, 37, 14, 98, 'd773962ed72edaf42cd0563ae6ba6125'),
(9676, 166, 37, 15, 102, 'd773962ed72edaf42cd0563ae6ba6125'),
(9677, 166, 37, 16, 105, 'd773962ed72edaf42cd0563ae6ba6125'),
(9678, 166, 37, 17, 106, 'd773962ed72edaf42cd0563ae6ba6125'),
(9679, 166, 37, 18, 108, 'd773962ed72edaf42cd0563ae6ba6125'),
(9680, 166, 37, 19, 110, 'd773962ed72edaf42cd0563ae6ba6125'),
(9681, 166, 37, 20, 113, 'd773962ed72edaf42cd0563ae6ba6125'),
(9682, 166, 37, 21, 115, '98709c9c22878471b6737467e2414df6'),
(9683, 166, 37, 22, 117, '98709c9c22878471b6737467e2414df6'),
(9684, 166, 37, 23, 118, '98709c9c22878471b6737467e2414df6'),
(9685, 166, 37, 24, 121, '98709c9c22878471b6737467e2414df6'),
(9686, 166, 37, 25, 122, '98709c9c22878471b6737467e2414df6'),
(9687, 166, 37, 26, 125, '98709c9c22878471b6737467e2414df6'),
(9688, 166, 37, 27, 127, '98709c9c22878471b6737467e2414df6'),
(9689, 166, 37, 28, 129, '98709c9c22878471b6737467e2414df6'),
(9690, 166, 37, 29, 131, '98709c9c22878471b6737467e2414df6'),
(9691, 166, 37, 30, 133, '98709c9c22878471b6737467e2414df6'),
(9692, 166, 37, 31, 134, '98709c9c22878471b6737467e2414df6'),
(9693, 166, 37, 32, 136, '98709c9c22878471b6737467e2414df6'),
(9694, 166, 37, 33, 138, '98709c9c22878471b6737467e2414df6'),
(9695, 166, 37, 34, 141, '98709c9c22878471b6737467e2414df6'),
(9696, 166, 37, 35, 143, '98709c9c22878471b6737467e2414df6');
INSERT INTO `test` (`TID`, `UserID`, `AssessmentID`, `QuestionNr`, `ChoiceID`, `sessionID`) VALUES
(9697, 166, 37, 36, 144, '98709c9c22878471b6737467e2414df6'),
(9698, 166, 37, 37, 146, '98709c9c22878471b6737467e2414df6'),
(9699, 166, 37, 38, 148, '98709c9c22878471b6737467e2414df6'),
(9700, 166, 37, 39, 151, '98709c9c22878471b6737467e2414df6'),
(9701, 166, 37, 40, 152, '98709c9c22878471b6737467e2414df6'),
(9702, 166, 37, 41, 155, '98709c9c22878471b6737467e2414df6'),
(9703, 166, 37, 42, 157, '98709c9c22878471b6737467e2414df6'),
(9704, 166, 37, 43, 159, '98709c9c22878471b6737467e2414df6'),
(9705, 166, 37, 44, 160, '98709c9c22878471b6737467e2414df6'),
(9706, 166, 37, 45, 162, '98709c9c22878471b6737467e2414df6'),
(9707, 166, 37, 46, 164, '98709c9c22878471b6737467e2414df6'),
(9708, 166, 37, 47, 166, '98709c9c22878471b6737467e2414df6'),
(9709, 166, 37, 48, 168, '98709c9c22878471b6737467e2414df6'),
(9710, 166, 37, 49, 170, '98709c9c22878471b6737467e2414df6'),
(9711, 166, 37, 50, 173, '98709c9c22878471b6737467e2414df6'),
(9712, 166, 37, 51, 174, '98709c9c22878471b6737467e2414df6'),
(9713, 166, 37, 52, 176, '98709c9c22878471b6737467e2414df6'),
(9714, 166, 37, 53, 178, '98709c9c22878471b6737467e2414df6'),
(9715, 166, 37, 54, 181, '98709c9c22878471b6737467e2414df6'),
(9716, 166, 37, 55, 183, '98709c9c22878471b6737467e2414df6'),
(9717, 166, 37, 56, 185, '98709c9c22878471b6737467e2414df6'),
(9718, 166, 37, 57, 186, '98709c9c22878471b6737467e2414df6'),
(9719, 166, 37, 58, 188, '98709c9c22878471b6737467e2414df6'),
(9720, 166, 37, 59, 190, '98709c9c22878471b6737467e2414df6'),
(9721, 166, 37, 60, 193, '98709c9c22878471b6737467e2414df6'),
(9722, 166, 37, 61, 194, '3542ecfd89add575ea36550a044dc46f'),
(9723, 166, 37, 62, 196, '3542ecfd89add575ea36550a044dc46f'),
(9724, 166, 37, 63, 198, '3542ecfd89add575ea36550a044dc46f'),
(9725, 166, 37, 64, 200, '3542ecfd89add575ea36550a044dc46f'),
(9726, 166, 37, 65, 202, '3542ecfd89add575ea36550a044dc46f'),
(9727, 166, 37, 66, 205, '3542ecfd89add575ea36550a044dc46f'),
(9728, 166, 37, 67, 206, '3542ecfd89add575ea36550a044dc46f'),
(9729, 166, 37, 68, 208, '3542ecfd89add575ea36550a044dc46f'),
(9730, 166, 37, 69, 211, '3542ecfd89add575ea36550a044dc46f'),
(9828, 117, 37, 63, 199, '88f444181f5140782d436eec53849cb5'),
(9829, 117, 37, 64, 201, '88f444181f5140782d436eec53849cb5'),
(9830, 117, 37, 65, 203, '88f444181f5140782d436eec53849cb5'),
(9831, 117, 37, 66, 205, '88f444181f5140782d436eec53849cb5'),
(9832, 117, 37, 67, 206, '88f444181f5140782d436eec53849cb5'),
(9833, 117, 37, 68, 209, '88f444181f5140782d436eec53849cb5'),
(9834, 167, 1, 1, 13, 'c5627b3001cd2a6651743093af4e2bc7'),
(9835, 167, 1, 2, 15, 'c5627b3001cd2a6651743093af4e2bc7'),
(9836, 167, 1, 3, 18, 'c5627b3001cd2a6651743093af4e2bc7'),
(9837, 167, 1, 4, 19, 'c5627b3001cd2a6651743093af4e2bc7'),
(9838, 167, 1, 5, 21, '3d8c1da09ea3f5a6a097d45c5c52a444'),
(9839, 167, 1, 6, 23, '3d8c1da09ea3f5a6a097d45c5c52a444'),
(9840, 167, 1, 7, 26, '3d8c1da09ea3f5a6a097d45c5c52a444'),
(9841, 167, 1, 8, 28, '3d8c1da09ea3f5a6a097d45c5c52a444'),
(9842, 167, 1, 9, 29, '3d8c1da09ea3f5a6a097d45c5c52a444'),
(9843, 167, 1, 10, 31, '3d8c1da09ea3f5a6a097d45c5c52a444'),
(9844, 167, 1, 11, 214, '3d8c1da09ea3f5a6a097d45c5c52a444'),
(9845, 167, 1, 12, 217, '3d8c1da09ea3f5a6a097d45c5c52a444'),
(9846, 167, 1, 13, 218, '3d8c1da09ea3f5a6a097d45c5c52a444'),
(9847, 167, 1, 14, 220, '3d8c1da09ea3f5a6a097d45c5c52a444'),
(9848, 167, 1, 15, 223, '3d8c1da09ea3f5a6a097d45c5c52a444'),
(9849, 167, 1, 16, 224, '3d8c1da09ea3f5a6a097d45c5c52a444'),
(9850, 167, 1, 17, 226, '3d8c1da09ea3f5a6a097d45c5c52a444'),
(9851, 167, 1, 18, 229, 'a03bb534cf710046daa7deb3531875a1'),
(9852, 167, 1, 19, 230, 'a03bb534cf710046daa7deb3531875a1'),
(9853, 167, 1, 20, 233, 'a03bb534cf710046daa7deb3531875a1'),
(9854, 167, 1, 21, 234, 'a03bb534cf710046daa7deb3531875a1'),
(9855, 167, 1, 22, 236, 'a03bb534cf710046daa7deb3531875a1'),
(9856, 167, 1, 23, 239, 'a03bb534cf710046daa7deb3531875a1'),
(9857, 167, 1, 24, 240, 'a03bb534cf710046daa7deb3531875a1'),
(9858, 167, 1, 25, 243, 'a03bb534cf710046daa7deb3531875a1'),
(9859, 167, 1, 26, 245, 'a03bb534cf710046daa7deb3531875a1'),
(9860, 167, 1, 27, 247, 'a03bb534cf710046daa7deb3531875a1'),
(9861, 167, 1, 28, 249, 'a03bb534cf710046daa7deb3531875a1'),
(9862, 167, 1, 29, 250, 'a03bb534cf710046daa7deb3531875a1'),
(9863, 167, 1, 30, 252, 'a03bb534cf710046daa7deb3531875a1'),
(9864, 167, 1, 31, 254, 'a03bb534cf710046daa7deb3531875a1'),
(9865, 167, 37, 1, 68, 'a03bb534cf710046daa7deb3531875a1'),
(9866, 167, 37, 2, 69, 'b09e48a16c36f14ec56782fa7c42f22a'),
(9867, 167, 37, 3, 72, 'b09e48a16c36f14ec56782fa7c42f22a'),
(9868, 167, 37, 4, 74, 'b09e48a16c36f14ec56782fa7c42f22a'),
(9869, 167, 37, 5, 79, 'b09e48a16c36f14ec56782fa7c42f22a'),
(9870, 167, 37, 6, 82, 'b09e48a16c36f14ec56782fa7c42f22a'),
(9871, 167, 37, 7, 83, 'b09e48a16c36f14ec56782fa7c42f22a'),
(9872, 167, 37, 8, 86, 'b09e48a16c36f14ec56782fa7c42f22a'),
(9873, 167, 37, 9, 87, 'b09e48a16c36f14ec56782fa7c42f22a'),
(9874, 167, 37, 10, 89, 'b09e48a16c36f14ec56782fa7c42f22a'),
(9875, 167, 37, 11, 92, 'b09e48a16c36f14ec56782fa7c42f22a'),
(9876, 167, 37, 12, 94, 'b09e48a16c36f14ec56782fa7c42f22a'),
(9877, 167, 37, 13, 95, 'b09e48a16c36f14ec56782fa7c42f22a'),
(9878, 167, 37, 14, 98, 'b09e48a16c36f14ec56782fa7c42f22a'),
(9879, 167, 37, 15, 102, 'b09e48a16c36f14ec56782fa7c42f22a'),
(9880, 167, 37, 16, 105, 'b09e48a16c36f14ec56782fa7c42f22a'),
(9881, 167, 37, 17, 107, 'b09e48a16c36f14ec56782fa7c42f22a'),
(9882, 167, 37, 18, 109, 'b09e48a16c36f14ec56782fa7c42f22a'),
(9883, 167, 37, 19, 110, 'b09e48a16c36f14ec56782fa7c42f22a'),
(9884, 167, 37, 20, 113, 'b09e48a16c36f14ec56782fa7c42f22a'),
(9885, 167, 37, 21, 115, 'b09e48a16c36f14ec56782fa7c42f22a'),
(9886, 167, 37, 22, 117, '95cf960a9cc9bdf4d91902c3c208cc49'),
(9887, 167, 37, 23, 119, '95cf960a9cc9bdf4d91902c3c208cc49'),
(9888, 167, 37, 24, 121, '95cf960a9cc9bdf4d91902c3c208cc49'),
(9889, 167, 37, 25, 123, '95cf960a9cc9bdf4d91902c3c208cc49'),
(9890, 167, 37, 26, 124, '95cf960a9cc9bdf4d91902c3c208cc49'),
(9891, 167, 37, 27, 126, '95cf960a9cc9bdf4d91902c3c208cc49'),
(9892, 167, 37, 28, 129, '95cf960a9cc9bdf4d91902c3c208cc49'),
(9893, 167, 37, 29, 131, '95cf960a9cc9bdf4d91902c3c208cc49'),
(9894, 167, 37, 30, 133, '95cf960a9cc9bdf4d91902c3c208cc49'),
(9895, 167, 37, 31, 135, '95cf960a9cc9bdf4d91902c3c208cc49'),
(9896, 167, 37, 32, 136, '95cf960a9cc9bdf4d91902c3c208cc49'),
(9897, 167, 37, 33, 139, '95cf960a9cc9bdf4d91902c3c208cc49'),
(9898, 167, 37, 34, 141, '95cf960a9cc9bdf4d91902c3c208cc49'),
(9899, 167, 37, 35, 143, '95cf960a9cc9bdf4d91902c3c208cc49'),
(9900, 167, 37, 36, 144, '95cf960a9cc9bdf4d91902c3c208cc49'),
(9901, 167, 37, 37, 146, '95cf960a9cc9bdf4d91902c3c208cc49'),
(9902, 167, 37, 38, 148, '95cf960a9cc9bdf4d91902c3c208cc49'),
(9903, 167, 37, 39, 150, '95cf960a9cc9bdf4d91902c3c208cc49'),
(9904, 167, 37, 40, 153, '95cf960a9cc9bdf4d91902c3c208cc49'),
(9905, 167, 37, 41, 155, '95cf960a9cc9bdf4d91902c3c208cc49'),
(9906, 167, 37, 42, 157, '95cf960a9cc9bdf4d91902c3c208cc49'),
(9907, 167, 37, 43, 158, '95cf960a9cc9bdf4d91902c3c208cc49'),
(9908, 167, 37, 44, 160, '95cf960a9cc9bdf4d91902c3c208cc49'),
(9909, 167, 37, 45, 163, '95cf960a9cc9bdf4d91902c3c208cc49'),
(9910, 167, 37, 46, 164, '95cf960a9cc9bdf4d91902c3c208cc49'),
(9911, 167, 37, 47, 167, '95cf960a9cc9bdf4d91902c3c208cc49'),
(9912, 167, 37, 48, 169, '95cf960a9cc9bdf4d91902c3c208cc49'),
(9913, 167, 37, 49, 170, '95cf960a9cc9bdf4d91902c3c208cc49'),
(9914, 167, 37, 50, 172, '95cf960a9cc9bdf4d91902c3c208cc49'),
(9915, 167, 37, 51, 175, '95cf960a9cc9bdf4d91902c3c208cc49'),
(9916, 167, 37, 52, 176, '95cf960a9cc9bdf4d91902c3c208cc49'),
(9917, 167, 37, 53, 178, '95cf960a9cc9bdf4d91902c3c208cc49'),
(9918, 167, 37, 54, 181, '95cf960a9cc9bdf4d91902c3c208cc49'),
(9919, 167, 37, 55, 182, '95cf960a9cc9bdf4d91902c3c208cc49'),
(9920, 167, 37, 56, 184, '95cf960a9cc9bdf4d91902c3c208cc49'),
(9921, 167, 37, 57, 187, '95cf960a9cc9bdf4d91902c3c208cc49'),
(9922, 167, 37, 58, 189, '80aaef8adccc555db1805494fac09acf'),
(9923, 167, 37, 59, 190, '80aaef8adccc555db1805494fac09acf'),
(9924, 167, 37, 60, 192, '80aaef8adccc555db1805494fac09acf'),
(9925, 167, 37, 61, 195, '80aaef8adccc555db1805494fac09acf'),
(9926, 167, 37, 62, 196, '80aaef8adccc555db1805494fac09acf'),
(9927, 167, 37, 63, 199, '80aaef8adccc555db1805494fac09acf'),
(9928, 167, 37, 64, 200, '80aaef8adccc555db1805494fac09acf'),
(9929, 167, 37, 65, 203, '80aaef8adccc555db1805494fac09acf'),
(9930, 167, 37, 66, 204, '80aaef8adccc555db1805494fac09acf'),
(9931, 167, 37, 67, 206, '80aaef8adccc555db1805494fac09acf'),
(9932, 167, 37, 68, 209, '80aaef8adccc555db1805494fac09acf'),
(9963, 166, 1, 28, 249, '0d98171af523c17ffe10aa034b953138'),
(9964, 166, 1, 29, 251, '0d98171af523c17ffe10aa034b953138'),
(9965, 166, 1, 30, 253, '0d98171af523c17ffe10aa034b953138'),
(10190, 118, 37, 1, 68, '5c84ccfa0d3f0636a56a3f3e1e58cf7a'),
(10191, 118, 37, 2, 70, '5c84ccfa0d3f0636a56a3f3e1e58cf7a'),
(10192, 118, 37, 3, 72, '5c84ccfa0d3f0636a56a3f3e1e58cf7a'),
(10193, 118, 37, 4, 74, '5c84ccfa0d3f0636a56a3f3e1e58cf7a'),
(10194, 118, 37, 5, 80, '5c84ccfa0d3f0636a56a3f3e1e58cf7a'),
(10195, 118, 37, 6, 82, '5c84ccfa0d3f0636a56a3f3e1e58cf7a'),
(10196, 118, 37, 7, 84, '5c84ccfa0d3f0636a56a3f3e1e58cf7a'),
(10197, 118, 37, 8, 86, '5c84ccfa0d3f0636a56a3f3e1e58cf7a'),
(10198, 118, 37, 9, 88, '5c84ccfa0d3f0636a56a3f3e1e58cf7a'),
(10199, 118, 37, 10, 90, '5c84ccfa0d3f0636a56a3f3e1e58cf7a'),
(10200, 118, 37, 11, 91, '5c84ccfa0d3f0636a56a3f3e1e58cf7a'),
(10201, 118, 37, 12, 93, '5c84ccfa0d3f0636a56a3f3e1e58cf7a'),
(10202, 118, 37, 13, 96, '5c84ccfa0d3f0636a56a3f3e1e58cf7a'),
(10203, 118, 37, 14, 97, '5c84ccfa0d3f0636a56a3f3e1e58cf7a'),
(10204, 118, 37, 15, 103, '5c84ccfa0d3f0636a56a3f3e1e58cf7a'),
(10205, 118, 37, 16, 104, '5c84ccfa0d3f0636a56a3f3e1e58cf7a'),
(10206, 118, 37, 17, 107, '5c84ccfa0d3f0636a56a3f3e1e58cf7a'),
(10207, 118, 37, 18, 109, '5c84ccfa0d3f0636a56a3f3e1e58cf7a'),
(10208, 118, 37, 19, 110, '5c84ccfa0d3f0636a56a3f3e1e58cf7a'),
(10209, 118, 37, 20, 113, '5c84ccfa0d3f0636a56a3f3e1e58cf7a'),
(10210, 118, 37, 21, 115, '5c84ccfa0d3f0636a56a3f3e1e58cf7a'),
(10211, 118, 37, 22, 117, '5c84ccfa0d3f0636a56a3f3e1e58cf7a'),
(10212, 118, 37, 23, 119, '5c84ccfa0d3f0636a56a3f3e1e58cf7a'),
(10213, 118, 37, 24, 121, '5c84ccfa0d3f0636a56a3f3e1e58cf7a'),
(10214, 118, 37, 25, 123, '5c84ccfa0d3f0636a56a3f3e1e58cf7a'),
(10215, 118, 37, 26, 125, '5c84ccfa0d3f0636a56a3f3e1e58cf7a'),
(10216, 118, 37, 27, 126, '5c84ccfa0d3f0636a56a3f3e1e58cf7a'),
(10217, 118, 37, 28, 129, '5c84ccfa0d3f0636a56a3f3e1e58cf7a'),
(10218, 118, 37, 29, 131, '5c84ccfa0d3f0636a56a3f3e1e58cf7a'),
(10219, 118, 37, 30, 133, '5c84ccfa0d3f0636a56a3f3e1e58cf7a'),
(10220, 118, 37, 31, 135, '5c84ccfa0d3f0636a56a3f3e1e58cf7a'),
(10221, 118, 37, 32, 136, '5c84ccfa0d3f0636a56a3f3e1e58cf7a'),
(10222, 118, 37, 33, 139, '5c84ccfa0d3f0636a56a3f3e1e58cf7a'),
(10223, 118, 37, 34, 141, '5c84ccfa0d3f0636a56a3f3e1e58cf7a'),
(10224, 118, 37, 35, 143, '5c84ccfa0d3f0636a56a3f3e1e58cf7a'),
(10225, 118, 37, 36, 144, '5c84ccfa0d3f0636a56a3f3e1e58cf7a'),
(10226, 118, 37, 37, 147, '5c84ccfa0d3f0636a56a3f3e1e58cf7a'),
(10227, 118, 37, 38, 149, '5c84ccfa0d3f0636a56a3f3e1e58cf7a'),
(10228, 118, 37, 39, 151, '5c84ccfa0d3f0636a56a3f3e1e58cf7a'),
(10229, 118, 37, 40, 153, '5c84ccfa0d3f0636a56a3f3e1e58cf7a'),
(10230, 118, 37, 41, 154, '5c84ccfa0d3f0636a56a3f3e1e58cf7a'),
(10231, 118, 37, 42, 157, '5c84ccfa0d3f0636a56a3f3e1e58cf7a'),
(10232, 118, 37, 43, 159, '5c84ccfa0d3f0636a56a3f3e1e58cf7a'),
(10233, 118, 37, 44, 161, '5c84ccfa0d3f0636a56a3f3e1e58cf7a'),
(10234, 118, 37, 45, 163, '5c84ccfa0d3f0636a56a3f3e1e58cf7a'),
(10235, 118, 37, 46, 165, '5c84ccfa0d3f0636a56a3f3e1e58cf7a'),
(10236, 118, 37, 47, 166, '5c84ccfa0d3f0636a56a3f3e1e58cf7a'),
(10237, 118, 37, 48, 169, '5c84ccfa0d3f0636a56a3f3e1e58cf7a'),
(10238, 118, 37, 49, 171, '5c84ccfa0d3f0636a56a3f3e1e58cf7a'),
(10239, 118, 37, 50, 173, '5c84ccfa0d3f0636a56a3f3e1e58cf7a'),
(10240, 118, 37, 51, 175, '5c84ccfa0d3f0636a56a3f3e1e58cf7a'),
(10241, 118, 37, 52, 177, '5c84ccfa0d3f0636a56a3f3e1e58cf7a'),
(10242, 118, 37, 53, 178, '5c84ccfa0d3f0636a56a3f3e1e58cf7a'),
(10243, 118, 37, 54, 181, '5c84ccfa0d3f0636a56a3f3e1e58cf7a'),
(10244, 118, 37, 55, 183, '5c84ccfa0d3f0636a56a3f3e1e58cf7a'),
(10245, 118, 37, 56, 184, '5c84ccfa0d3f0636a56a3f3e1e58cf7a'),
(10246, 118, 37, 57, 187, '5c84ccfa0d3f0636a56a3f3e1e58cf7a'),
(10247, 118, 37, 58, 189, '5c84ccfa0d3f0636a56a3f3e1e58cf7a'),
(10248, 118, 37, 59, 191, '5c84ccfa0d3f0636a56a3f3e1e58cf7a'),
(10249, 118, 37, 60, 193, '5c84ccfa0d3f0636a56a3f3e1e58cf7a'),
(10250, 118, 37, 61, 195, '5c84ccfa0d3f0636a56a3f3e1e58cf7a'),
(10251, 118, 37, 62, 196, '5c84ccfa0d3f0636a56a3f3e1e58cf7a'),
(10252, 118, 37, 63, 199, '5c84ccfa0d3f0636a56a3f3e1e58cf7a'),
(10253, 118, 37, 64, 201, '5c84ccfa0d3f0636a56a3f3e1e58cf7a'),
(10254, 118, 37, 65, 203, '5c84ccfa0d3f0636a56a3f3e1e58cf7a'),
(10255, 118, 37, 66, 205, '5c84ccfa0d3f0636a56a3f3e1e58cf7a'),
(10256, 118, 37, 67, 206, '5c84ccfa0d3f0636a56a3f3e1e58cf7a'),
(10257, 118, 37, 68, 209, '5c84ccfa0d3f0636a56a3f3e1e58cf7a'),
(10630, 3, 37, 1, 68, 'c3e81e18aca4619c75f8a675a40613a4'),
(10631, 3, 37, 2, 69, 'c3e81e18aca4619c75f8a675a40613a4'),
(10632, 3, 37, 3, 72, 'c3e81e18aca4619c75f8a675a40613a4'),
(10633, 3, 37, 4, 74, 'c3e81e18aca4619c75f8a675a40613a4'),
(10634, 3, 37, 5, 79, 'c3e81e18aca4619c75f8a675a40613a4'),
(10635, 3, 37, 6, 81, 'c3e81e18aca4619c75f8a675a40613a4'),
(10636, 3, 37, 7, 83, 'c3e81e18aca4619c75f8a675a40613a4'),
(10637, 3, 37, 8, 85, 'c3e81e18aca4619c75f8a675a40613a4'),
(10638, 3, 37, 9, 87, 'c3e81e18aca4619c75f8a675a40613a4'),
(10639, 3, 37, 10, 89, 'c3e81e18aca4619c75f8a675a40613a4'),
(10640, 3, 37, 11, 91, 'c3e81e18aca4619c75f8a675a40613a4'),
(10641, 3, 37, 12, 94, 'c3e81e18aca4619c75f8a675a40613a4'),
(10642, 3, 37, 13, 96, 'c3e81e18aca4619c75f8a675a40613a4'),
(10643, 3, 37, 14, 97, 'c3e81e18aca4619c75f8a675a40613a4'),
(10644, 3, 37, 15, 103, 'c3e81e18aca4619c75f8a675a40613a4'),
(10645, 3, 37, 16, 104, 'c3e81e18aca4619c75f8a675a40613a4'),
(10646, 3, 37, 17, 107, 'c3e81e18aca4619c75f8a675a40613a4'),
(10647, 3, 37, 18, 109, 'c3e81e18aca4619c75f8a675a40613a4'),
(10648, 3, 37, 19, 110, 'c3e81e18aca4619c75f8a675a40613a4'),
(10649, 3, 37, 20, 113, 'c3e81e18aca4619c75f8a675a40613a4'),
(10650, 3, 37, 21, 115, 'c3e81e18aca4619c75f8a675a40613a4'),
(10651, 3, 37, 22, 117, 'c3e81e18aca4619c75f8a675a40613a4'),
(10652, 3, 37, 23, 119, 'c3e81e18aca4619c75f8a675a40613a4'),
(10653, 3, 37, 24, 121, 'c3e81e18aca4619c75f8a675a40613a4'),
(10654, 3, 37, 25, 123, 'c3e81e18aca4619c75f8a675a40613a4'),
(10655, 3, 37, 26, 125, 'c3e81e18aca4619c75f8a675a40613a4'),
(10656, 3, 37, 27, 126, 'c3e81e18aca4619c75f8a675a40613a4'),
(10657, 3, 37, 28, 129, 'c3e81e18aca4619c75f8a675a40613a4'),
(10658, 3, 37, 29, 131, 'c3e81e18aca4619c75f8a675a40613a4'),
(10659, 3, 37, 30, 133, 'c3e81e18aca4619c75f8a675a40613a4'),
(10660, 3, 37, 31, 135, 'c3e81e18aca4619c75f8a675a40613a4'),
(10661, 3, 37, 32, 136, 'c3e81e18aca4619c75f8a675a40613a4'),
(10662, 3, 37, 33, 139, 'c3e81e18aca4619c75f8a675a40613a4'),
(10663, 3, 37, 34, 141, 'c3e81e18aca4619c75f8a675a40613a4'),
(10664, 3, 37, 35, 143, 'c3e81e18aca4619c75f8a675a40613a4'),
(10665, 3, 37, 36, 144, 'c3e81e18aca4619c75f8a675a40613a4'),
(10666, 3, 37, 37, 147, 'c3e81e18aca4619c75f8a675a40613a4'),
(10667, 3, 37, 38, 149, 'c3e81e18aca4619c75f8a675a40613a4'),
(10668, 3, 37, 39, 151, 'c3e81e18aca4619c75f8a675a40613a4'),
(10669, 3, 37, 40, 153, 'c3e81e18aca4619c75f8a675a40613a4'),
(10670, 3, 37, 41, 154, 'c3e81e18aca4619c75f8a675a40613a4'),
(10671, 3, 37, 42, 157, 'c3e81e18aca4619c75f8a675a40613a4'),
(10672, 3, 37, 43, 159, 'c3e81e18aca4619c75f8a675a40613a4'),
(10673, 3, 37, 44, 161, 'c3e81e18aca4619c75f8a675a40613a4'),
(10674, 3, 37, 45, 163, 'c3e81e18aca4619c75f8a675a40613a4'),
(10675, 3, 37, 46, 165, 'c3e81e18aca4619c75f8a675a40613a4'),
(10676, 3, 37, 47, 166, 'c3e81e18aca4619c75f8a675a40613a4'),
(10677, 3, 37, 48, 169, 'c3e81e18aca4619c75f8a675a40613a4'),
(10678, 3, 37, 49, 171, 'c3e81e18aca4619c75f8a675a40613a4'),
(10679, 3, 37, 50, 173, 'c3e81e18aca4619c75f8a675a40613a4'),
(10680, 3, 37, 51, 175, 'c3e81e18aca4619c75f8a675a40613a4'),
(10681, 3, 37, 52, 177, 'c3e81e18aca4619c75f8a675a40613a4'),
(10682, 3, 37, 53, 178, 'c3e81e18aca4619c75f8a675a40613a4'),
(10683, 3, 37, 54, 181, 'c3e81e18aca4619c75f8a675a40613a4'),
(10684, 3, 37, 55, 183, 'c3e81e18aca4619c75f8a675a40613a4'),
(10685, 3, 37, 56, 184, 'c3e81e18aca4619c75f8a675a40613a4'),
(10686, 3, 37, 57, 187, 'c3e81e18aca4619c75f8a675a40613a4'),
(10687, 3, 37, 58, 189, 'c3e81e18aca4619c75f8a675a40613a4'),
(10688, 3, 37, 59, 191, 'c3e81e18aca4619c75f8a675a40613a4'),
(10689, 3, 37, 60, 193, 'c3e81e18aca4619c75f8a675a40613a4'),
(10690, 3, 37, 61, 195, 'c3e81e18aca4619c75f8a675a40613a4'),
(10691, 3, 37, 62, 196, 'c3e81e18aca4619c75f8a675a40613a4'),
(10692, 3, 37, 63, 199, 'c3e81e18aca4619c75f8a675a40613a4'),
(10693, 3, 37, 64, 201, 'c3e81e18aca4619c75f8a675a40613a4'),
(10694, 3, 37, 65, 203, 'c3e81e18aca4619c75f8a675a40613a4'),
(10695, 3, 37, 66, 205, 'c3e81e18aca4619c75f8a675a40613a4'),
(10696, 3, 37, 67, 206, 'c3e81e18aca4619c75f8a675a40613a4'),
(10697, 3, 37, 68, 209, 'c3e81e18aca4619c75f8a675a40613a4'),
(10839, 169, 1, 18, 228, 'a130cc65ebcef867a1dd64ba35a6d9c9'),
(10840, 169, 1, 19, 231, 'a130cc65ebcef867a1dd64ba35a6d9c9'),
(10841, 169, 1, 20, 232, 'a130cc65ebcef867a1dd64ba35a6d9c9'),
(10842, 169, 1, 21, 234, 'a130cc65ebcef867a1dd64ba35a6d9c9'),
(10843, 169, 1, 22, 237, 'a130cc65ebcef867a1dd64ba35a6d9c9'),
(10844, 169, 1, 23, 239, 'a130cc65ebcef867a1dd64ba35a6d9c9'),
(10845, 169, 1, 24, 241, 'fc3dca1dfdd017f8025c390c12f843b0'),
(10846, 169, 1, 25, 242, 'fc3dca1dfdd017f8025c390c12f843b0'),
(10847, 169, 1, 26, 245, 'fc3dca1dfdd017f8025c390c12f843b0'),
(10848, 169, 1, 27, 247, 'fc3dca1dfdd017f8025c390c12f843b0'),
(10849, 169, 1, 28, 248, 'fc3dca1dfdd017f8025c390c12f843b0'),
(10850, 169, 1, 29, 251, 'fc3dca1dfdd017f8025c390c12f843b0'),
(10851, 169, 1, 30, 252, 'fc3dca1dfdd017f8025c390c12f843b0'),
(11994, 2, 37, 1, 68, '30dcca3515bfc3c542254b7a3a43bbb0'),
(11995, 2, 37, 2, 70, '30dcca3515bfc3c542254b7a3a43bbb0'),
(11996, 2, 37, 3, 72, '30dcca3515bfc3c542254b7a3a43bbb0'),
(11997, 2, 37, 4, 74, '30dcca3515bfc3c542254b7a3a43bbb0'),
(11998, 2, 37, 5, 79, '30dcca3515bfc3c542254b7a3a43bbb0'),
(11999, 2, 37, 6, 81, '30dcca3515bfc3c542254b7a3a43bbb0'),
(12000, 2, 37, 7, 84, '30dcca3515bfc3c542254b7a3a43bbb0'),
(12001, 2, 37, 8, 85, '30dcca3515bfc3c542254b7a3a43bbb0'),
(12002, 2, 37, 9, 88, '30dcca3515bfc3c542254b7a3a43bbb0'),
(12003, 2, 37, 10, 90, '30dcca3515bfc3c542254b7a3a43bbb0'),
(12004, 2, 37, 11, 91, '30dcca3515bfc3c542254b7a3a43bbb0'),
(12005, 2, 37, 12, 94, '30dcca3515bfc3c542254b7a3a43bbb0'),
(12006, 2, 37, 13, 96, '30dcca3515bfc3c542254b7a3a43bbb0'),
(12007, 2, 37, 14, 98, '30dcca3515bfc3c542254b7a3a43bbb0'),
(12008, 2, 37, 15, 102, '30dcca3515bfc3c542254b7a3a43bbb0'),
(12009, 2, 37, 16, 104, '30dcca3515bfc3c542254b7a3a43bbb0'),
(12010, 2, 37, 17, 106, '30dcca3515bfc3c542254b7a3a43bbb0'),
(12011, 2, 37, 18, 108, '30dcca3515bfc3c542254b7a3a43bbb0'),
(12012, 2, 37, 19, 111, '30dcca3515bfc3c542254b7a3a43bbb0'),
(12013, 2, 37, 20, 113, '30dcca3515bfc3c542254b7a3a43bbb0'),
(12014, 2, 37, 21, 114, '30dcca3515bfc3c542254b7a3a43bbb0'),
(12015, 2, 37, 22, 116, '30dcca3515bfc3c542254b7a3a43bbb0'),
(12016, 2, 37, 23, 119, '30dcca3515bfc3c542254b7a3a43bbb0'),
(12017, 2, 37, 24, 121, '30dcca3515bfc3c542254b7a3a43bbb0'),
(12018, 2, 37, 25, 122, '30dcca3515bfc3c542254b7a3a43bbb0'),
(12019, 2, 37, 26, 124, '30dcca3515bfc3c542254b7a3a43bbb0'),
(12020, 2, 37, 27, 127, '30dcca3515bfc3c542254b7a3a43bbb0'),
(12021, 2, 37, 28, 129, '30dcca3515bfc3c542254b7a3a43bbb0'),
(12022, 2, 37, 29, 131, '30dcca3515bfc3c542254b7a3a43bbb0'),
(12023, 2, 37, 30, 132, '30dcca3515bfc3c542254b7a3a43bbb0'),
(12024, 2, 37, 31, 134, '30dcca3515bfc3c542254b7a3a43bbb0'),
(12025, 2, 37, 32, 136, '30dcca3515bfc3c542254b7a3a43bbb0'),
(12026, 2, 37, 33, 139, '30dcca3515bfc3c542254b7a3a43bbb0'),
(12027, 2, 37, 34, 140, '30dcca3515bfc3c542254b7a3a43bbb0'),
(12028, 2, 37, 35, 142, '30dcca3515bfc3c542254b7a3a43bbb0'),
(12029, 2, 37, 36, 145, '30dcca3515bfc3c542254b7a3a43bbb0'),
(12030, 2, 37, 37, 147, '30dcca3515bfc3c542254b7a3a43bbb0'),
(12031, 2, 37, 38, 149, '30dcca3515bfc3c542254b7a3a43bbb0'),
(12032, 2, 37, 39, 150, '30dcca3515bfc3c542254b7a3a43bbb0'),
(12033, 2, 37, 40, 152, '30dcca3515bfc3c542254b7a3a43bbb0'),
(12034, 2, 37, 41, 154, '30dcca3515bfc3c542254b7a3a43bbb0'),
(12035, 2, 37, 42, 157, '30dcca3515bfc3c542254b7a3a43bbb0'),
(12036, 2, 37, 43, 159, '30dcca3515bfc3c542254b7a3a43bbb0'),
(12037, 2, 37, 44, 160, '30dcca3515bfc3c542254b7a3a43bbb0'),
(12038, 2, 37, 45, 162, '30dcca3515bfc3c542254b7a3a43bbb0'),
(12039, 2, 37, 46, 164, '30dcca3515bfc3c542254b7a3a43bbb0'),
(12040, 2, 37, 47, 167, '30dcca3515bfc3c542254b7a3a43bbb0'),
(12041, 2, 37, 48, 169, '30dcca3515bfc3c542254b7a3a43bbb0'),
(12042, 2, 37, 49, 170, '30dcca3515bfc3c542254b7a3a43bbb0'),
(12043, 2, 37, 50, 172, '30dcca3515bfc3c542254b7a3a43bbb0'),
(12044, 2, 37, 51, 175, '30dcca3515bfc3c542254b7a3a43bbb0'),
(12045, 2, 37, 52, 177, '30dcca3515bfc3c542254b7a3a43bbb0'),
(12046, 2, 37, 53, 178, '30dcca3515bfc3c542254b7a3a43bbb0'),
(12047, 2, 37, 54, 180, '30dcca3515bfc3c542254b7a3a43bbb0'),
(12048, 2, 37, 55, 182, '30dcca3515bfc3c542254b7a3a43bbb0'),
(12049, 2, 37, 56, 185, '30dcca3515bfc3c542254b7a3a43bbb0'),
(12050, 2, 37, 57, 187, '30dcca3515bfc3c542254b7a3a43bbb0'),
(12051, 2, 37, 58, 188, '30dcca3515bfc3c542254b7a3a43bbb0'),
(12052, 2, 37, 59, 190, '30dcca3515bfc3c542254b7a3a43bbb0'),
(12053, 2, 37, 60, 193, '30dcca3515bfc3c542254b7a3a43bbb0'),
(12054, 2, 37, 61, 195, '30dcca3515bfc3c542254b7a3a43bbb0'),
(12055, 2, 37, 62, 196, '30dcca3515bfc3c542254b7a3a43bbb0'),
(12056, 2, 37, 63, 198, '30dcca3515bfc3c542254b7a3a43bbb0'),
(12057, 2, 37, 64, 200, '30dcca3515bfc3c542254b7a3a43bbb0'),
(12058, 2, 37, 65, 203, '30dcca3515bfc3c542254b7a3a43bbb0'),
(12059, 2, 37, 66, 205, '30dcca3515bfc3c542254b7a3a43bbb0'),
(12060, 2, 37, 67, 207, '30dcca3515bfc3c542254b7a3a43bbb0'),
(12061, 2, 37, 68, 208, '30dcca3515bfc3c542254b7a3a43bbb0'),
(12062, 173, 1, 1, 13, '6c78d693b2d955bce5bd434a861d9b2b'),
(12063, 173, 1, 2, 16, '6c78d693b2d955bce5bd434a861d9b2b'),
(12064, 173, 1, 3, 17, '6c78d693b2d955bce5bd434a861d9b2b'),
(12065, 173, 1, 4, 19, '6c78d693b2d955bce5bd434a861d9b2b'),
(12066, 173, 1, 5, 21, '6c78d693b2d955bce5bd434a861d9b2b'),
(12067, 173, 1, 6, 24, '6c78d693b2d955bce5bd434a861d9b2b'),
(12068, 173, 1, 7, 25, '6c78d693b2d955bce5bd434a861d9b2b'),
(12069, 173, 1, 8, 28, '6c78d693b2d955bce5bd434a861d9b2b'),
(12070, 173, 1, 9, 29, '6c78d693b2d955bce5bd434a861d9b2b'),
(12071, 173, 1, 10, 31, '6c78d693b2d955bce5bd434a861d9b2b'),
(12072, 173, 1, 11, 215, '6c78d693b2d955bce5bd434a861d9b2b'),
(12073, 173, 1, 12, 216, '6c78d693b2d955bce5bd434a861d9b2b'),
(12074, 173, 1, 13, 218, '6c78d693b2d955bce5bd434a861d9b2b'),
(12075, 173, 1, 14, 221, '6c78d693b2d955bce5bd434a861d9b2b'),
(12076, 173, 1, 15, 222, '6c78d693b2d955bce5bd434a861d9b2b'),
(12077, 173, 1, 16, 224, '6c78d693b2d955bce5bd434a861d9b2b'),
(12078, 173, 1, 17, 227, '6c78d693b2d955bce5bd434a861d9b2b'),
(12079, 173, 1, 18, 229, '6c78d693b2d955bce5bd434a861d9b2b'),
(12080, 173, 1, 19, 230, '6c78d693b2d955bce5bd434a861d9b2b'),
(12081, 173, 1, 20, 232, '6c78d693b2d955bce5bd434a861d9b2b'),
(12082, 173, 1, 21, 234, '6c78d693b2d955bce5bd434a861d9b2b'),
(12083, 173, 1, 22, 237, '6c78d693b2d955bce5bd434a861d9b2b'),
(12084, 173, 1, 23, 238, '6c78d693b2d955bce5bd434a861d9b2b'),
(12085, 173, 1, 24, 241, '6c78d693b2d955bce5bd434a861d9b2b'),
(12086, 173, 1, 25, 242, '6c78d693b2d955bce5bd434a861d9b2b'),
(12087, 173, 1, 26, 244, '6c78d693b2d955bce5bd434a861d9b2b'),
(12088, 173, 1, 27, 246, '6c78d693b2d955bce5bd434a861d9b2b'),
(12089, 173, 1, 28, 248, '6c78d693b2d955bce5bd434a861d9b2b'),
(12090, 173, 1, 29, 250, '6c78d693b2d955bce5bd434a861d9b2b'),
(12091, 173, 1, 30, 252, '6c78d693b2d955bce5bd434a861d9b2b'),
(12092, 173, 1, 31, 255, '6c78d693b2d955bce5bd434a861d9b2b'),
(12093, 173, 37, 1, 68, '6c78d693b2d955bce5bd434a861d9b2b'),
(12094, 173, 37, 2, 70, '6c78d693b2d955bce5bd434a861d9b2b'),
(12095, 173, 37, 3, 71, '6c78d693b2d955bce5bd434a861d9b2b'),
(12096, 173, 37, 4, 73, '6c78d693b2d955bce5bd434a861d9b2b'),
(12097, 173, 37, 5, 80, '6c78d693b2d955bce5bd434a861d9b2b'),
(12098, 173, 37, 6, 81, '6c78d693b2d955bce5bd434a861d9b2b'),
(12099, 173, 37, 7, 84, '6c78d693b2d955bce5bd434a861d9b2b'),
(12100, 173, 37, 8, 85, '6c78d693b2d955bce5bd434a861d9b2b'),
(12101, 173, 37, 9, 87, '6c78d693b2d955bce5bd434a861d9b2b'),
(12102, 173, 37, 10, 90, '6c78d693b2d955bce5bd434a861d9b2b'),
(12103, 173, 37, 11, 92, '6c78d693b2d955bce5bd434a861d9b2b'),
(12104, 173, 37, 12, 93, '6c78d693b2d955bce5bd434a861d9b2b'),
(12105, 173, 37, 13, 96, '6c78d693b2d955bce5bd434a861d9b2b'),
(12106, 173, 37, 14, 98, '6c78d693b2d955bce5bd434a861d9b2b'),
(12107, 173, 37, 15, 102, '6c78d693b2d955bce5bd434a861d9b2b'),
(12108, 173, 37, 16, 105, '6c78d693b2d955bce5bd434a861d9b2b'),
(12109, 173, 37, 17, 106, '6c78d693b2d955bce5bd434a861d9b2b'),
(12110, 173, 37, 18, 109, '6c78d693b2d955bce5bd434a861d9b2b'),
(12111, 173, 37, 19, 111, '6c78d693b2d955bce5bd434a861d9b2b'),
(12112, 173, 37, 20, 112, '6c78d693b2d955bce5bd434a861d9b2b'),
(12113, 173, 37, 21, 115, '6c78d693b2d955bce5bd434a861d9b2b'),
(12114, 173, 37, 22, 116, '6c78d693b2d955bce5bd434a861d9b2b'),
(12115, 173, 37, 23, 119, '6c78d693b2d955bce5bd434a861d9b2b'),
(12116, 173, 37, 24, 120, '6c78d693b2d955bce5bd434a861d9b2b'),
(12117, 173, 37, 25, 123, '6c78d693b2d955bce5bd434a861d9b2b'),
(12118, 173, 37, 26, 125, '6c78d693b2d955bce5bd434a861d9b2b'),
(12119, 173, 37, 27, 126, '6c78d693b2d955bce5bd434a861d9b2b'),
(12120, 173, 37, 28, 128, '6c78d693b2d955bce5bd434a861d9b2b'),
(12121, 173, 37, 29, 131, '6c78d693b2d955bce5bd434a861d9b2b'),
(12122, 173, 37, 30, 133, '6c78d693b2d955bce5bd434a861d9b2b'),
(12123, 173, 37, 31, 134, '6c78d693b2d955bce5bd434a861d9b2b'),
(12124, 173, 37, 32, 136, '6c78d693b2d955bce5bd434a861d9b2b'),
(12125, 173, 37, 33, 139, '2fe169b5859782eab9b6e8c49cbc3b6d'),
(12126, 173, 37, 34, 141, '2fe169b5859782eab9b6e8c49cbc3b6d'),
(12127, 173, 37, 35, 142, '2fe169b5859782eab9b6e8c49cbc3b6d'),
(12128, 173, 37, 36, 144, '2fe169b5859782eab9b6e8c49cbc3b6d'),
(12129, 173, 37, 37, 146, '2fe169b5859782eab9b6e8c49cbc3b6d'),
(12130, 173, 37, 38, 148, '2fe169b5859782eab9b6e8c49cbc3b6d'),
(12131, 173, 37, 39, 150, '2fe169b5859782eab9b6e8c49cbc3b6d'),
(12132, 173, 37, 40, 153, '2fe169b5859782eab9b6e8c49cbc3b6d'),
(12133, 173, 37, 41, 155, '2fe169b5859782eab9b6e8c49cbc3b6d'),
(12134, 173, 37, 42, 157, '2fe169b5859782eab9b6e8c49cbc3b6d'),
(12135, 173, 37, 43, 159, '2fe169b5859782eab9b6e8c49cbc3b6d'),
(12136, 173, 37, 44, 160, '2fe169b5859782eab9b6e8c49cbc3b6d'),
(12137, 173, 37, 45, 162, '2fe169b5859782eab9b6e8c49cbc3b6d'),
(12138, 173, 37, 46, 164, '2fe169b5859782eab9b6e8c49cbc3b6d'),
(12139, 173, 37, 47, 166, '2fe169b5859782eab9b6e8c49cbc3b6d'),
(12140, 173, 37, 48, 168, '2fe169b5859782eab9b6e8c49cbc3b6d'),
(12141, 173, 37, 49, 171, '2fe169b5859782eab9b6e8c49cbc3b6d'),
(12142, 173, 37, 50, 172, '2fe169b5859782eab9b6e8c49cbc3b6d'),
(12143, 173, 37, 51, 174, '2fe169b5859782eab9b6e8c49cbc3b6d'),
(12144, 173, 37, 52, 177, '2fe169b5859782eab9b6e8c49cbc3b6d'),
(12145, 173, 37, 53, 178, '2fe169b5859782eab9b6e8c49cbc3b6d'),
(12146, 173, 37, 54, 181, '2fe169b5859782eab9b6e8c49cbc3b6d'),
(12147, 173, 37, 55, 182, '2fe169b5859782eab9b6e8c49cbc3b6d'),
(12148, 173, 37, 56, 185, '2fe169b5859782eab9b6e8c49cbc3b6d'),
(12149, 173, 37, 57, 186, '2fe169b5859782eab9b6e8c49cbc3b6d'),
(12150, 173, 37, 58, 189, '2fe169b5859782eab9b6e8c49cbc3b6d'),
(12151, 173, 37, 59, 190, '2fe169b5859782eab9b6e8c49cbc3b6d'),
(12152, 173, 37, 60, 192, '2fe169b5859782eab9b6e8c49cbc3b6d'),
(12153, 173, 37, 61, 195, '2fe169b5859782eab9b6e8c49cbc3b6d'),
(12154, 173, 37, 62, 197, '2fe169b5859782eab9b6e8c49cbc3b6d'),
(12155, 173, 37, 63, 198, '2fe169b5859782eab9b6e8c49cbc3b6d'),
(12156, 173, 37, 64, 201, '2fe169b5859782eab9b6e8c49cbc3b6d'),
(12157, 173, 37, 65, 203, '2fe169b5859782eab9b6e8c49cbc3b6d'),
(12158, 173, 37, 66, 204, '2fe169b5859782eab9b6e8c49cbc3b6d'),
(12159, 173, 37, 67, 206, '2fe169b5859782eab9b6e8c49cbc3b6d'),
(12160, 173, 37, 68, 209, '2fe169b5859782eab9b6e8c49cbc3b6d'),
(12161, 175, 1, 1, 13, 'e5d645e13a0dc2af32de7c3f67972b19'),
(12162, 175, 1, 2, 16, 'e5d645e13a0dc2af32de7c3f67972b19'),
(12163, 175, 1, 3, 17, 'e5d645e13a0dc2af32de7c3f67972b19'),
(12164, 175, 1, 4, 19, 'e5d645e13a0dc2af32de7c3f67972b19'),
(12165, 175, 1, 5, 21, 'e5d645e13a0dc2af32de7c3f67972b19'),
(12166, 175, 1, 6, 24, 'e5d645e13a0dc2af32de7c3f67972b19'),
(12167, 175, 1, 7, 25, 'e5d645e13a0dc2af32de7c3f67972b19'),
(12168, 175, 1, 8, 28, 'e5d645e13a0dc2af32de7c3f67972b19'),
(12169, 175, 1, 9, 29, 'e5d645e13a0dc2af32de7c3f67972b19'),
(12170, 175, 1, 10, 31, 'e5d645e13a0dc2af32de7c3f67972b19'),
(12171, 175, 1, 11, 215, 'e5d645e13a0dc2af32de7c3f67972b19'),
(12172, 175, 1, 12, 217, 'e5d645e13a0dc2af32de7c3f67972b19'),
(12173, 175, 1, 13, 218, 'e5d645e13a0dc2af32de7c3f67972b19'),
(12174, 175, 1, 14, 221, 'e5d645e13a0dc2af32de7c3f67972b19'),
(12175, 175, 1, 15, 222, 'e5d645e13a0dc2af32de7c3f67972b19'),
(12176, 175, 1, 16, 224, 'e5d645e13a0dc2af32de7c3f67972b19'),
(12177, 175, 1, 17, 227, 'e5d645e13a0dc2af32de7c3f67972b19'),
(12178, 175, 1, 18, 229, 'e5d645e13a0dc2af32de7c3f67972b19'),
(12179, 175, 1, 19, 230, 'e5d645e13a0dc2af32de7c3f67972b19'),
(12180, 175, 1, 20, 232, 'e5d645e13a0dc2af32de7c3f67972b19'),
(12181, 175, 1, 21, 234, 'e5d645e13a0dc2af32de7c3f67972b19'),
(12182, 175, 1, 22, 237, 'e5d645e13a0dc2af32de7c3f67972b19'),
(12183, 175, 1, 23, 238, 'e5d645e13a0dc2af32de7c3f67972b19'),
(12184, 175, 1, 24, 241, 'e5d645e13a0dc2af32de7c3f67972b19'),
(12185, 175, 1, 25, 242, 'e5d645e13a0dc2af32de7c3f67972b19'),
(12186, 175, 1, 26, 244, 'e5d645e13a0dc2af32de7c3f67972b19'),
(12187, 175, 1, 27, 246, 'e5d645e13a0dc2af32de7c3f67972b19'),
(12188, 175, 1, 28, 248, 'e5d645e13a0dc2af32de7c3f67972b19'),
(12189, 175, 1, 29, 250, 'e5d645e13a0dc2af32de7c3f67972b19'),
(12190, 175, 1, 30, 252, 'e5d645e13a0dc2af32de7c3f67972b19'),
(12191, 175, 1, 31, 255, 'e5d645e13a0dc2af32de7c3f67972b19'),
(12192, 175, 37, 1, 68, 'e5d645e13a0dc2af32de7c3f67972b19'),
(12193, 175, 37, 2, 69, 'e5d645e13a0dc2af32de7c3f67972b19'),
(12194, 175, 37, 3, 72, 'e5d645e13a0dc2af32de7c3f67972b19'),
(12195, 175, 37, 4, 74, 'e5d645e13a0dc2af32de7c3f67972b19'),
(12196, 175, 37, 5, 79, 'e5d645e13a0dc2af32de7c3f67972b19'),
(12197, 175, 37, 6, 81, 'e5d645e13a0dc2af32de7c3f67972b19'),
(12198, 175, 37, 7, 84, 'e5d645e13a0dc2af32de7c3f67972b19'),
(12199, 175, 37, 8, 86, 'e5d645e13a0dc2af32de7c3f67972b19'),
(12200, 175, 37, 9, 87, 'e5d645e13a0dc2af32de7c3f67972b19'),
(12201, 175, 37, 10, 89, 'e5d645e13a0dc2af32de7c3f67972b19'),
(12202, 175, 37, 11, 92, 'e5d645e13a0dc2af32de7c3f67972b19'),
(12203, 175, 37, 12, 93, 'e5d645e13a0dc2af32de7c3f67972b19'),
(12204, 175, 37, 13, 96, 'e5d645e13a0dc2af32de7c3f67972b19'),
(12205, 175, 37, 14, 98, 'e5d645e13a0dc2af32de7c3f67972b19'),
(12206, 175, 37, 15, 102, 'e5d645e13a0dc2af32de7c3f67972b19'),
(12207, 175, 37, 16, 104, 'e5d645e13a0dc2af32de7c3f67972b19'),
(12208, 175, 37, 17, 106, 'e5d645e13a0dc2af32de7c3f67972b19'),
(12209, 175, 37, 18, 108, 'e5d645e13a0dc2af32de7c3f67972b19'),
(12210, 175, 37, 19, 111, 'e5d645e13a0dc2af32de7c3f67972b19'),
(12211, 175, 37, 20, 113, 'e5d645e13a0dc2af32de7c3f67972b19'),
(12212, 175, 37, 21, 114, 'e5d645e13a0dc2af32de7c3f67972b19'),
(12213, 175, 37, 22, 117, 'e5d645e13a0dc2af32de7c3f67972b19'),
(12214, 175, 37, 23, 118, 'e5d645e13a0dc2af32de7c3f67972b19'),
(12215, 175, 37, 24, 120, 'e5d645e13a0dc2af32de7c3f67972b19'),
(12216, 175, 37, 25, 123, 'e5d645e13a0dc2af32de7c3f67972b19'),
(12217, 175, 37, 26, 125, 'e5d645e13a0dc2af32de7c3f67972b19'),
(12218, 175, 37, 27, 126, 'e5d645e13a0dc2af32de7c3f67972b19'),
(12219, 175, 37, 28, 129, 'e5d645e13a0dc2af32de7c3f67972b19'),
(12220, 175, 37, 29, 131, 'e5d645e13a0dc2af32de7c3f67972b19'),
(12221, 175, 37, 30, 132, 'e5d645e13a0dc2af32de7c3f67972b19'),
(12222, 175, 37, 31, 135, 'e5d645e13a0dc2af32de7c3f67972b19'),
(12223, 175, 37, 32, 137, 'e5d645e13a0dc2af32de7c3f67972b19'),
(12224, 175, 37, 33, 138, 'e5d645e13a0dc2af32de7c3f67972b19'),
(12225, 175, 37, 34, 140, 'e5d645e13a0dc2af32de7c3f67972b19'),
(12226, 175, 37, 35, 143, 'e5d645e13a0dc2af32de7c3f67972b19'),
(12227, 175, 37, 36, 144, 'e5d645e13a0dc2af32de7c3f67972b19'),
(12228, 175, 37, 37, 147, 'e5d645e13a0dc2af32de7c3f67972b19'),
(12229, 175, 37, 38, 149, 'e5d645e13a0dc2af32de7c3f67972b19'),
(12230, 175, 37, 39, 150, 'e5d645e13a0dc2af32de7c3f67972b19'),
(12231, 175, 37, 40, 152, 'e5d645e13a0dc2af32de7c3f67972b19'),
(12232, 175, 37, 41, 155, 'e5d645e13a0dc2af32de7c3f67972b19'),
(12233, 175, 37, 42, 156, 'e5d645e13a0dc2af32de7c3f67972b19'),
(12234, 175, 37, 43, 159, 'e5d645e13a0dc2af32de7c3f67972b19'),
(12235, 175, 37, 44, 160, 'e5d645e13a0dc2af32de7c3f67972b19'),
(12236, 175, 37, 45, 163, 'e5d645e13a0dc2af32de7c3f67972b19'),
(12237, 175, 37, 46, 164, 'e5d645e13a0dc2af32de7c3f67972b19'),
(12238, 175, 37, 47, 167, 'e5d645e13a0dc2af32de7c3f67972b19'),
(12239, 175, 37, 48, 168, 'e5d645e13a0dc2af32de7c3f67972b19'),
(12240, 175, 37, 49, 171, 'e5d645e13a0dc2af32de7c3f67972b19'),
(12241, 175, 37, 50, 172, 'e5d645e13a0dc2af32de7c3f67972b19'),
(12242, 175, 37, 51, 174, 'e5d645e13a0dc2af32de7c3f67972b19'),
(12243, 175, 37, 52, 177, 'e5d645e13a0dc2af32de7c3f67972b19'),
(12244, 175, 37, 53, 178, 'e5d645e13a0dc2af32de7c3f67972b19'),
(12245, 175, 37, 54, 181, 'e5d645e13a0dc2af32de7c3f67972b19'),
(12246, 175, 37, 55, 182, 'e5d645e13a0dc2af32de7c3f67972b19'),
(12247, 175, 37, 56, 185, 'e5d645e13a0dc2af32de7c3f67972b19'),
(12248, 175, 37, 57, 186, 'e5d645e13a0dc2af32de7c3f67972b19'),
(12249, 175, 37, 58, 189, 'c2bc0e56f573ddf8632d376c07c90775'),
(12250, 175, 37, 59, 191, 'c2bc0e56f573ddf8632d376c07c90775'),
(12251, 175, 37, 60, 192, 'c2bc0e56f573ddf8632d376c07c90775'),
(12252, 175, 37, 61, 194, 'c2bc0e56f573ddf8632d376c07c90775'),
(12253, 175, 37, 62, 197, 'c2bc0e56f573ddf8632d376c07c90775'),
(12254, 175, 37, 63, 199, 'c2bc0e56f573ddf8632d376c07c90775'),
(12255, 175, 37, 64, 201, 'c2bc0e56f573ddf8632d376c07c90775'),
(12256, 175, 37, 65, 202, 'c2bc0e56f573ddf8632d376c07c90775'),
(12257, 175, 37, 66, 205, 'c2bc0e56f573ddf8632d376c07c90775'),
(12258, 175, 37, 67, 206, 'c2bc0e56f573ddf8632d376c07c90775'),
(12259, 175, 37, 68, 208, 'c2bc0e56f573ddf8632d376c07c90775'),
(12260, 168, 1, 1, 13, 'ed2da3e772db6a0dc000a18c7f797c2c'),
(12261, 168, 1, 2, 16, 'ed2da3e772db6a0dc000a18c7f797c2c'),
(12262, 168, 1, 3, 17, 'ed2da3e772db6a0dc000a18c7f797c2c'),
(12263, 168, 1, 4, 19, 'ed2da3e772db6a0dc000a18c7f797c2c'),
(12264, 168, 1, 5, 21, 'ed2da3e772db6a0dc000a18c7f797c2c'),
(12265, 168, 1, 6, 23, 'ed2da3e772db6a0dc000a18c7f797c2c'),
(12266, 168, 1, 7, 25, 'ed2da3e772db6a0dc000a18c7f797c2c'),
(12267, 168, 1, 8, 27, 'ed2da3e772db6a0dc000a18c7f797c2c'),
(12268, 168, 1, 9, 30, 'ed2da3e772db6a0dc000a18c7f797c2c'),
(12269, 168, 1, 10, 31, 'ed2da3e772db6a0dc000a18c7f797c2c'),
(12270, 168, 1, 11, 214, 'ed2da3e772db6a0dc000a18c7f797c2c'),
(12271, 168, 1, 12, 216, 'ed2da3e772db6a0dc000a18c7f797c2c'),
(12272, 168, 1, 13, 218, 'ed2da3e772db6a0dc000a18c7f797c2c'),
(12273, 168, 1, 14, 220, 'ed2da3e772db6a0dc000a18c7f797c2c'),
(12274, 168, 1, 15, 223, 'ed2da3e772db6a0dc000a18c7f797c2c'),
(12275, 168, 1, 16, 225, 'ed2da3e772db6a0dc000a18c7f797c2c'),
(12276, 168, 1, 17, 227, 'ed2da3e772db6a0dc000a18c7f797c2c'),
(12277, 168, 1, 18, 229, 'ed2da3e772db6a0dc000a18c7f797c2c'),
(12278, 168, 1, 19, 231, 'ed2da3e772db6a0dc000a18c7f797c2c'),
(12279, 168, 1, 20, 232, 'ed2da3e772db6a0dc000a18c7f797c2c'),
(12280, 168, 1, 21, 234, 'ed2da3e772db6a0dc000a18c7f797c2c'),
(12281, 168, 1, 22, 237, 'ed2da3e772db6a0dc000a18c7f797c2c'),
(12282, 168, 1, 23, 238, 'ed2da3e772db6a0dc000a18c7f797c2c'),
(12283, 168, 1, 24, 240, 'ed2da3e772db6a0dc000a18c7f797c2c'),
(12284, 168, 1, 25, 242, 'ed2da3e772db6a0dc000a18c7f797c2c'),
(12285, 168, 1, 26, 245, 'ed2da3e772db6a0dc000a18c7f797c2c'),
(12286, 168, 1, 27, 247, 'ed2da3e772db6a0dc000a18c7f797c2c'),
(12287, 168, 1, 28, 249, 'ed2da3e772db6a0dc000a18c7f797c2c'),
(12288, 168, 1, 29, 250, 'ed2da3e772db6a0dc000a18c7f797c2c'),
(12289, 168, 1, 30, 252, 'ed2da3e772db6a0dc000a18c7f797c2c'),
(12490, 176, 1, 1, 14, 'fdabe47c1e24df2ea4dfc9c9223af1e9'),
(12492, 176, 1, 2, 15, 'fdabe47c1e24df2ea4dfc9c9223af1e9'),
(12494, 176, 1, 3, 17, 'fdabe47c1e24df2ea4dfc9c9223af1e9'),
(12495, 176, 1, 4, 19, 'fdabe47c1e24df2ea4dfc9c9223af1e9'),
(12497, 176, 1, 5, 21, 'fdabe47c1e24df2ea4dfc9c9223af1e9'),
(12498, 176, 1, 6, 23, 'fdabe47c1e24df2ea4dfc9c9223af1e9'),
(12501, 176, 1, 7, 25, 'fdabe47c1e24df2ea4dfc9c9223af1e9'),
(12502, 176, 1, 8, 27, 'fdabe47c1e24df2ea4dfc9c9223af1e9'),
(12504, 176, 1, 9, 29, 'fdabe47c1e24df2ea4dfc9c9223af1e9'),
(12505, 176, 1, 10, 31, 'fdabe47c1e24df2ea4dfc9c9223af1e9'),
(12507, 176, 1, 11, 215, 'fdabe47c1e24df2ea4dfc9c9223af1e9'),
(12508, 176, 1, 12, 217, 'fdabe47c1e24df2ea4dfc9c9223af1e9'),
(12510, 176, 1, 13, 219, 'fdabe47c1e24df2ea4dfc9c9223af1e9'),
(12512, 176, 1, 14, 221, 'fdabe47c1e24df2ea4dfc9c9223af1e9'),
(12514, 176, 1, 15, 223, 'fdabe47c1e24df2ea4dfc9c9223af1e9'),
(12516, 176, 1, 16, 224, 'fdabe47c1e24df2ea4dfc9c9223af1e9'),
(12517, 176, 1, 17, 226, 'fdabe47c1e24df2ea4dfc9c9223af1e9'),
(12519, 176, 1, 18, 228, 'fdabe47c1e24df2ea4dfc9c9223af1e9'),
(12521, 176, 1, 19, 231, 'fdabe47c1e24df2ea4dfc9c9223af1e9'),
(12524, 176, 1, 20, 232, 'fdabe47c1e24df2ea4dfc9c9223af1e9'),
(12525, 176, 1, 21, 234, 'fdabe47c1e24df2ea4dfc9c9223af1e9'),
(12526, 176, 1, 22, 237, 'fdabe47c1e24df2ea4dfc9c9223af1e9'),
(12527, 176, 1, 23, 238, 'fdabe47c1e24df2ea4dfc9c9223af1e9'),
(12528, 176, 1, 24, 241, 'fdabe47c1e24df2ea4dfc9c9223af1e9'),
(12529, 176, 1, 25, 243, 'fdabe47c1e24df2ea4dfc9c9223af1e9'),
(12530, 176, 1, 26, 245, 'fdabe47c1e24df2ea4dfc9c9223af1e9'),
(12531, 176, 1, 27, 247, 'fdabe47c1e24df2ea4dfc9c9223af1e9'),
(12532, 176, 1, 28, 248, 'fdabe47c1e24df2ea4dfc9c9223af1e9'),
(12533, 176, 1, 29, 250, 'fdabe47c1e24df2ea4dfc9c9223af1e9'),
(12534, 176, 1, 30, 252, 'fdabe47c1e24df2ea4dfc9c9223af1e9'),
(12545, 177, 1, 1, 14, 'c88a194ce7d410a629794ac0f3a4a16d'),
(12548, 177, 1, 2, 15, 'c88a194ce7d410a629794ac0f3a4a16d'),
(12550, 177, 1, 3, 17, 'c88a194ce7d410a629794ac0f3a4a16d'),
(12552, 177, 1, 4, 19, 'c88a194ce7d410a629794ac0f3a4a16d'),
(12554, 177, 1, 5, 22, 'c88a194ce7d410a629794ac0f3a4a16d'),
(12557, 177, 1, 6, 24, 'c88a194ce7d410a629794ac0f3a4a16d'),
(12559, 177, 1, 7, 25, 'c88a194ce7d410a629794ac0f3a4a16d'),
(12562, 177, 1, 8, 27, 'c88a194ce7d410a629794ac0f3a4a16d'),
(12563, 177, 1, 9, 30, 'c88a194ce7d410a629794ac0f3a4a16d'),
(12566, 177, 1, 10, 31, 'c88a194ce7d410a629794ac0f3a4a16d'),
(12568, 177, 1, 11, 214, 'c88a194ce7d410a629794ac0f3a4a16d'),
(12570, 177, 1, 12, 217, 'c88a194ce7d410a629794ac0f3a4a16d'),
(12573, 177, 1, 13, 219, 'c88a194ce7d410a629794ac0f3a4a16d'),
(12575, 177, 1, 14, 221, 'c88a194ce7d410a629794ac0f3a4a16d'),
(12578, 177, 1, 15, 222, 'c88a194ce7d410a629794ac0f3a4a16d'),
(12581, 177, 1, 16, 224, 'c88a194ce7d410a629794ac0f3a4a16d'),
(12582, 177, 1, 17, 226, 'c88a194ce7d410a629794ac0f3a4a16d'),
(12583, 177, 1, 18, 228, 'c88a194ce7d410a629794ac0f3a4a16d'),
(12584, 177, 1, 19, 230, 'c88a194ce7d410a629794ac0f3a4a16d'),
(12586, 177, 1, 20, 233, 'c88a194ce7d410a629794ac0f3a4a16d'),
(12587, 177, 1, 21, 234, 'c88a194ce7d410a629794ac0f3a4a16d'),
(12588, 177, 1, 22, 236, 'c88a194ce7d410a629794ac0f3a4a16d'),
(12590, 177, 1, 23, 239, 'c88a194ce7d410a629794ac0f3a4a16d'),
(12592, 177, 1, 24, 240, 'c88a194ce7d410a629794ac0f3a4a16d'),
(12594, 177, 1, 25, 243, 'c88a194ce7d410a629794ac0f3a4a16d'),
(12595, 177, 1, 26, 245, 'c88a194ce7d410a629794ac0f3a4a16d'),
(12597, 177, 1, 27, 247, 'c88a194ce7d410a629794ac0f3a4a16d'),
(12600, 177, 1, 28, 249, 'c88a194ce7d410a629794ac0f3a4a16d'),
(12601, 177, 1, 29, 250, 'c88a194ce7d410a629794ac0f3a4a16d'),
(12602, 177, 1, 30, 253, 'c88a194ce7d410a629794ac0f3a4a16d'),
(12610, 2, 1, 6, 24, '8cc2ba515d71ec1054ecb6ecd27b333b'),
(12611, 2, 1, 7, 25, '8cc2ba515d71ec1054ecb6ecd27b333b'),
(12612, 2, 1, 8, 28, '8cc2ba515d71ec1054ecb6ecd27b333b'),
(12613, 2, 1, 9, 29, '8cc2ba515d71ec1054ecb6ecd27b333b'),
(12614, 2, 1, 10, 32, '8cc2ba515d71ec1054ecb6ecd27b333b'),
(12615, 2, 1, 11, 214, '8cc2ba515d71ec1054ecb6ecd27b333b'),
(12617, 2, 1, 12, 217, '8cc2ba515d71ec1054ecb6ecd27b333b'),
(12618, 2, 1, 13, 218, '8cc2ba515d71ec1054ecb6ecd27b333b'),
(12619, 2, 1, 14, 220, '8cc2ba515d71ec1054ecb6ecd27b333b'),
(12620, 2, 1, 15, 222, '8cc2ba515d71ec1054ecb6ecd27b333b'),
(12621, 2, 1, 16, 225, '8cc2ba515d71ec1054ecb6ecd27b333b'),
(12622, 2, 1, 17, 227, '8cc2ba515d71ec1054ecb6ecd27b333b'),
(12623, 2, 1, 18, 229, '8cc2ba515d71ec1054ecb6ecd27b333b'),
(12624, 2, 1, 19, 230, '8cc2ba515d71ec1054ecb6ecd27b333b'),
(12626, 2, 1, 20, 232, '8cc2ba515d71ec1054ecb6ecd27b333b'),
(12627, 2, 1, 21, 234, '8cc2ba515d71ec1054ecb6ecd27b333b'),
(12628, 2, 1, 22, 237, '8cc2ba515d71ec1054ecb6ecd27b333b'),
(12629, 2, 1, 23, 238, '8cc2ba515d71ec1054ecb6ecd27b333b'),
(12630, 2, 1, 24, 241, '8cc2ba515d71ec1054ecb6ecd27b333b'),
(12631, 2, 1, 25, 242, '8cc2ba515d71ec1054ecb6ecd27b333b'),
(12632, 2, 1, 26, 245, '8cc2ba515d71ec1054ecb6ecd27b333b'),
(12633, 2, 1, 27, 247, '8cc2ba515d71ec1054ecb6ecd27b333b'),
(12634, 2, 1, 28, 249, '8cc2ba515d71ec1054ecb6ecd27b333b'),
(12635, 2, 1, 29, 250, '8cc2ba515d71ec1054ecb6ecd27b333b'),
(12636, 2, 1, 30, 252, '8cc2ba515d71ec1054ecb6ecd27b333b'),
(12657, 178, 1, 1, 14, '9332a526c8c603ee26ceeab336c449c0'),
(12658, 178, 1, 2, 15, '9332a526c8c603ee26ceeab336c449c0'),
(12659, 178, 1, 3, 17, '9332a526c8c603ee26ceeab336c449c0'),
(12660, 178, 1, 4, 19, '9332a526c8c603ee26ceeab336c449c0'),
(12668, 178, 1, 5, 21, '9332a526c8c603ee26ceeab336c449c0'),
(12671, 178, 1, 6, 23, '9332a526c8c603ee26ceeab336c449c0'),
(12673, 178, 1, 7, 26, '9332a526c8c603ee26ceeab336c449c0'),
(12677, 178, 1, 8, 28, '9332a526c8c603ee26ceeab336c449c0'),
(12682, 178, 1, 9, 30, '9332a526c8c603ee26ceeab336c449c0'),
(12684, 178, 1, 10, 31, '9332a526c8c603ee26ceeab336c449c0'),
(12686, 178, 1, 11, 215, '9332a526c8c603ee26ceeab336c449c0'),
(12688, 178, 1, 12, 217, '9332a526c8c603ee26ceeab336c449c0'),
(12690, 178, 1, 13, 219, '9332a526c8c603ee26ceeab336c449c0'),
(12692, 178, 1, 14, 220, '9332a526c8c603ee26ceeab336c449c0'),
(12696, 178, 1, 15, 223, '9332a526c8c603ee26ceeab336c449c0'),
(12698, 178, 1, 16, 225, 'df9ac06d91edfbab8ec4f4f82d61a280'),
(12700, 178, 1, 17, 226, 'df9ac06d91edfbab8ec4f4f82d61a280'),
(12702, 178, 1, 18, 228, 'df9ac06d91edfbab8ec4f4f82d61a280'),
(12704, 178, 1, 19, 230, 'df9ac06d91edfbab8ec4f4f82d61a280'),
(12706, 178, 1, 20, 232, 'df9ac06d91edfbab8ec4f4f82d61a280'),
(12707, 178, 1, 21, 234, 'df9ac06d91edfbab8ec4f4f82d61a280'),
(12709, 178, 1, 22, 237, 'df9ac06d91edfbab8ec4f4f82d61a280'),
(12712, 178, 1, 23, 239, 'df9ac06d91edfbab8ec4f4f82d61a280'),
(12713, 178, 1, 24, 241, 'df9ac06d91edfbab8ec4f4f82d61a280'),
(12716, 178, 1, 25, 243, 'df9ac06d91edfbab8ec4f4f82d61a280'),
(12717, 178, 1, 26, 245, 'df9ac06d91edfbab8ec4f4f82d61a280'),
(12718, 178, 1, 27, 247, 'df9ac06d91edfbab8ec4f4f82d61a280'),
(12722, 178, 1, 28, 249, 'df9ac06d91edfbab8ec4f4f82d61a280'),
(12723, 178, 1, 29, 251, 'df9ac06d91edfbab8ec4f4f82d61a280'),
(12725, 178, 1, 30, 252, 'df9ac06d91edfbab8ec4f4f82d61a280'),
(12747, 179, 1, 1, 13, 'a62c5fa53aa2ea52f614708dbfc46ede'),
(12751, 179, 1, 2, 15, 'a62c5fa53aa2ea52f614708dbfc46ede'),
(12754, 179, 1, 3, 18, 'a62c5fa53aa2ea52f614708dbfc46ede'),
(12756, 179, 1, 4, 20, 'a62c5fa53aa2ea52f614708dbfc46ede'),
(12757, 179, 1, 5, 21, 'a62c5fa53aa2ea52f614708dbfc46ede'),
(12761, 179, 1, 6, 23, 'a62c5fa53aa2ea52f614708dbfc46ede'),
(12762, 179, 1, 7, 26, 'a62c5fa53aa2ea52f614708dbfc46ede'),
(12763, 179, 1, 8, 28, 'a62c5fa53aa2ea52f614708dbfc46ede'),
(12764, 179, 1, 9, 29, 'a62c5fa53aa2ea52f614708dbfc46ede'),
(12765, 179, 1, 10, 31, 'a62c5fa53aa2ea52f614708dbfc46ede'),
(12766, 179, 1, 11, 215, 'a62c5fa53aa2ea52f614708dbfc46ede'),
(12767, 179, 1, 12, 217, 'a62c5fa53aa2ea52f614708dbfc46ede'),
(12768, 179, 1, 13, 219, 'a62c5fa53aa2ea52f614708dbfc46ede'),
(12769, 179, 1, 14, 221, 'a62c5fa53aa2ea52f614708dbfc46ede'),
(12770, 179, 1, 15, 223, 'a62c5fa53aa2ea52f614708dbfc46ede'),
(12771, 179, 1, 16, 224, 'a62c5fa53aa2ea52f614708dbfc46ede'),
(12772, 179, 1, 17, 227, 'a62c5fa53aa2ea52f614708dbfc46ede'),
(12773, 179, 1, 18, 229, 'a62c5fa53aa2ea52f614708dbfc46ede'),
(12774, 179, 1, 19, 231, '00d0cb31350bdb69ab0b765c8da7e1ee'),
(12775, 179, 1, 20, 233, '00d0cb31350bdb69ab0b765c8da7e1ee'),
(12776, 179, 1, 21, 235, '00d0cb31350bdb69ab0b765c8da7e1ee'),
(12777, 179, 1, 22, 236, '00d0cb31350bdb69ab0b765c8da7e1ee'),
(12778, 179, 1, 23, 239, '00d0cb31350bdb69ab0b765c8da7e1ee'),
(12779, 179, 1, 24, 241, '00d0cb31350bdb69ab0b765c8da7e1ee'),
(12780, 179, 1, 25, 242, '00d0cb31350bdb69ab0b765c8da7e1ee'),
(12781, 179, 1, 26, 245, '00d0cb31350bdb69ab0b765c8da7e1ee'),
(12782, 179, 1, 27, 247, '00d0cb31350bdb69ab0b765c8da7e1ee'),
(12783, 179, 1, 28, 249, '00d0cb31350bdb69ab0b765c8da7e1ee'),
(12784, 179, 1, 29, 251, '00d0cb31350bdb69ab0b765c8da7e1ee'),
(12785, 179, 1, 30, 252, '00d0cb31350bdb69ab0b765c8da7e1ee'),
(12994, 181, 37, 15, 103, 'cdf81608a2112630726c15f551a45417'),
(12995, 181, 37, 16, 104, 'cdf81608a2112630726c15f551a45417'),
(12996, 181, 37, 17, 107, 'cdf81608a2112630726c15f551a45417'),
(12997, 181, 37, 18, 109, 'cdf81608a2112630726c15f551a45417'),
(12998, 181, 37, 19, 111, 'cdf81608a2112630726c15f551a45417'),
(12999, 181, 37, 20, 113, 'cdf81608a2112630726c15f551a45417'),
(13000, 181, 37, 21, 115, 'cdf81608a2112630726c15f551a45417'),
(13001, 181, 37, 22, 117, 'cdf81608a2112630726c15f551a45417'),
(13002, 181, 37, 23, 119, 'cdf81608a2112630726c15f551a45417'),
(13003, 181, 37, 24, 121, 'cdf81608a2112630726c15f551a45417'),
(13004, 181, 37, 25, 123, 'cdf81608a2112630726c15f551a45417'),
(13005, 181, 37, 26, 125, 'cdf81608a2112630726c15f551a45417'),
(13006, 181, 37, 27, 126, 'cdf81608a2112630726c15f551a45417'),
(13007, 181, 37, 28, 129, 'cdf81608a2112630726c15f551a45417'),
(13008, 181, 37, 29, 130, 'cdf81608a2112630726c15f551a45417'),
(13009, 181, 37, 30, 132, 'cdf81608a2112630726c15f551a45417'),
(13010, 181, 37, 31, 134, 'cdf81608a2112630726c15f551a45417'),
(13011, 181, 37, 32, 137, 'cdf81608a2112630726c15f551a45417'),
(13012, 181, 37, 33, 139, 'cdf81608a2112630726c15f551a45417'),
(13013, 181, 37, 34, 141, 'cdf81608a2112630726c15f551a45417'),
(13014, 181, 37, 35, 143, 'cdf81608a2112630726c15f551a45417'),
(13015, 181, 37, 36, 144, 'cdf81608a2112630726c15f551a45417'),
(13016, 181, 37, 37, 147, 'cdf81608a2112630726c15f551a45417'),
(13017, 181, 37, 38, 149, 'cdf81608a2112630726c15f551a45417'),
(13018, 181, 37, 39, 151, 'cdf81608a2112630726c15f551a45417'),
(13019, 181, 37, 40, 153, 'cdf81608a2112630726c15f551a45417'),
(13020, 181, 37, 41, 154, 'cdf81608a2112630726c15f551a45417'),
(13021, 181, 37, 42, 157, '879c35db17e8468adbe2e8c554212f6b'),
(13022, 181, 37, 43, 159, '879c35db17e8468adbe2e8c554212f6b'),
(13023, 181, 37, 44, 161, '879c35db17e8468adbe2e8c554212f6b'),
(13024, 181, 37, 45, 163, '879c35db17e8468adbe2e8c554212f6b'),
(13025, 181, 37, 46, 164, '879c35db17e8468adbe2e8c554212f6b'),
(13026, 181, 37, 47, 166, '879c35db17e8468adbe2e8c554212f6b'),
(13027, 181, 37, 48, 168, '879c35db17e8468adbe2e8c554212f6b'),
(13028, 181, 37, 49, 170, '879c35db17e8468adbe2e8c554212f6b'),
(13029, 181, 37, 50, 172, '879c35db17e8468adbe2e8c554212f6b'),
(13030, 181, 37, 51, 174, '879c35db17e8468adbe2e8c554212f6b'),
(13031, 181, 37, 52, 177, '879c35db17e8468adbe2e8c554212f6b'),
(13032, 181, 37, 53, 178, '879c35db17e8468adbe2e8c554212f6b'),
(13033, 181, 37, 54, 181, '879c35db17e8468adbe2e8c554212f6b'),
(13034, 181, 37, 55, 183, '879c35db17e8468adbe2e8c554212f6b'),
(13035, 181, 37, 56, 184, '879c35db17e8468adbe2e8c554212f6b'),
(13036, 181, 37, 57, 187, '879c35db17e8468adbe2e8c554212f6b'),
(13037, 181, 37, 58, 189, '879c35db17e8468adbe2e8c554212f6b'),
(13038, 181, 37, 59, 191, '879c35db17e8468adbe2e8c554212f6b'),
(13039, 181, 37, 60, 193, '879c35db17e8468adbe2e8c554212f6b'),
(13040, 181, 37, 61, 194, '879c35db17e8468adbe2e8c554212f6b'),
(13041, 181, 37, 62, 197, '879c35db17e8468adbe2e8c554212f6b'),
(13042, 181, 37, 63, 199, '879c35db17e8468adbe2e8c554212f6b'),
(13043, 181, 37, 64, 201, '879c35db17e8468adbe2e8c554212f6b'),
(13044, 181, 37, 65, 203, '879c35db17e8468adbe2e8c554212f6b'),
(13045, 181, 37, 66, 205, '879c35db17e8468adbe2e8c554212f6b'),
(13046, 181, 37, 67, 206, '879c35db17e8468adbe2e8c554212f6b'),
(13047, 181, 37, 68, 209, '879c35db17e8468adbe2e8c554212f6b'),
(13048, 182, 1, 1, 14, 'b871126ae861df22d45a1b732d95edef'),
(13049, 182, 1, 2, 15, 'b871126ae861df22d45a1b732d95edef'),
(13050, 182, 1, 3, 18, 'b871126ae861df22d45a1b732d95edef'),
(13051, 182, 1, 4, 20, 'b871126ae861df22d45a1b732d95edef'),
(13052, 182, 1, 5, 21, 'b871126ae861df22d45a1b732d95edef'),
(13053, 182, 1, 6, 24, 'b871126ae861df22d45a1b732d95edef'),
(13054, 182, 1, 7, 26, 'b871126ae861df22d45a1b732d95edef'),
(13055, 182, 1, 8, 28, 'b871126ae861df22d45a1b732d95edef'),
(13056, 182, 1, 9, 30, 'b871126ae861df22d45a1b732d95edef'),
(13057, 182, 1, 10, 31, 'b871126ae861df22d45a1b732d95edef'),
(13058, 182, 1, 11, 215, 'b871126ae861df22d45a1b732d95edef'),
(13059, 182, 1, 12, 217, 'b871126ae861df22d45a1b732d95edef'),
(13060, 182, 1, 13, 219, 'b871126ae861df22d45a1b732d95edef'),
(13061, 182, 1, 14, 221, 'b871126ae861df22d45a1b732d95edef'),
(13062, 182, 1, 15, 222, 'b871126ae861df22d45a1b732d95edef'),
(13063, 182, 1, 16, 225, 'b871126ae861df22d45a1b732d95edef'),
(13064, 182, 1, 17, 227, 'b871126ae861df22d45a1b732d95edef'),
(13065, 182, 1, 18, 229, 'b871126ae861df22d45a1b732d95edef'),
(13066, 182, 1, 19, 230, 'b871126ae861df22d45a1b732d95edef'),
(13067, 182, 1, 20, 232, 'b871126ae861df22d45a1b732d95edef'),
(13068, 182, 1, 21, 234, 'b871126ae861df22d45a1b732d95edef'),
(13069, 182, 1, 22, 237, 'b871126ae861df22d45a1b732d95edef'),
(13070, 182, 1, 23, 238, 'b871126ae861df22d45a1b732d95edef'),
(13071, 182, 1, 24, 240, 'b871126ae861df22d45a1b732d95edef'),
(13072, 182, 1, 25, 242, 'b871126ae861df22d45a1b732d95edef'),
(13073, 182, 1, 26, 245, 'b871126ae861df22d45a1b732d95edef'),
(13074, 182, 1, 27, 247, 'b871126ae861df22d45a1b732d95edef'),
(13075, 182, 1, 28, 249, 'b871126ae861df22d45a1b732d95edef'),
(13076, 182, 1, 29, 251, 'b871126ae861df22d45a1b732d95edef'),
(13077, 182, 1, 30, 253, 'b871126ae861df22d45a1b732d95edef'),
(13078, 182, 1, 31, 255, 'b871126ae861df22d45a1b732d95edef'),
(13172, 181, 1, 1, 13, 'efdf469fe6f0b5c0286781d983f314cc'),
(13173, 181, 1, 2, 16, 'efdf469fe6f0b5c0286781d983f314cc'),
(13174, 181, 1, 3, 17, 'efdf469fe6f0b5c0286781d983f314cc'),
(13175, 181, 1, 4, 19, 'efdf469fe6f0b5c0286781d983f314cc'),
(13176, 181, 1, 5, 21, 'efdf469fe6f0b5c0286781d983f314cc'),
(13177, 181, 1, 6, 23, 'efdf469fe6f0b5c0286781d983f314cc'),
(13178, 181, 1, 7, 26, 'efdf469fe6f0b5c0286781d983f314cc'),
(13179, 181, 1, 8, 28, 'efdf469fe6f0b5c0286781d983f314cc'),
(13180, 181, 1, 9, 30, 'efdf469fe6f0b5c0286781d983f314cc'),
(13181, 181, 1, 10, 31, 'efdf469fe6f0b5c0286781d983f314cc'),
(13182, 181, 1, 11, 214, 'efdf469fe6f0b5c0286781d983f314cc'),
(13183, 181, 1, 12, 216, 'efdf469fe6f0b5c0286781d983f314cc'),
(13184, 181, 1, 13, 218, 'efdf469fe6f0b5c0286781d983f314cc'),
(13185, 181, 1, 14, 221, 'efdf469fe6f0b5c0286781d983f314cc'),
(13186, 181, 1, 15, 223, 'efdf469fe6f0b5c0286781d983f314cc'),
(13187, 181, 1, 16, 224, 'efdf469fe6f0b5c0286781d983f314cc'),
(13188, 181, 1, 17, 226, 'efdf469fe6f0b5c0286781d983f314cc'),
(13189, 181, 1, 18, 229, 'efdf469fe6f0b5c0286781d983f314cc'),
(13190, 181, 1, 19, 231, 'efdf469fe6f0b5c0286781d983f314cc');
INSERT INTO `test` (`TID`, `UserID`, `AssessmentID`, `QuestionNr`, `ChoiceID`, `sessionID`) VALUES
(13191, 181, 1, 20, 233, 'efdf469fe6f0b5c0286781d983f314cc'),
(13192, 181, 1, 21, 235, 'efdf469fe6f0b5c0286781d983f314cc'),
(13193, 181, 1, 22, 237, 'efdf469fe6f0b5c0286781d983f314cc'),
(13194, 181, 1, 23, 238, 'efdf469fe6f0b5c0286781d983f314cc'),
(13195, 181, 1, 24, 241, 'efdf469fe6f0b5c0286781d983f314cc'),
(13196, 181, 1, 25, 242, 'efdf469fe6f0b5c0286781d983f314cc'),
(13197, 181, 1, 26, 245, 'efdf469fe6f0b5c0286781d983f314cc'),
(13198, 181, 1, 27, 247, 'efdf469fe6f0b5c0286781d983f314cc'),
(13199, 181, 1, 28, 248, 'efdf469fe6f0b5c0286781d983f314cc'),
(13200, 181, 1, 29, 250, 'efdf469fe6f0b5c0286781d983f314cc'),
(13201, 181, 1, 30, 252, 'efdf469fe6f0b5c0286781d983f314cc'),
(13223, 4, 1, 22, 237, 'a0bc1c269d749b58621c65c024ccc14e'),
(13224, 4, 1, 23, 238, 'a0bc1c269d749b58621c65c024ccc14e'),
(13225, 4, 1, 24, 241, 'a0bc1c269d749b58621c65c024ccc14e'),
(13226, 4, 1, 25, 243, 'a0bc1c269d749b58621c65c024ccc14e'),
(13227, 4, 1, 26, 245, 'a0bc1c269d749b58621c65c024ccc14e'),
(13228, 4, 1, 27, 246, 'a0bc1c269d749b58621c65c024ccc14e'),
(13229, 4, 1, 28, 248, 'a0bc1c269d749b58621c65c024ccc14e'),
(13230, 4, 1, 29, 250, 'a0bc1c269d749b58621c65c024ccc14e'),
(13231, 4, 1, 30, 252, 'a0bc1c269d749b58621c65c024ccc14e'),
(13261, 156, 37, 30, 132, '1b4358b02183fb708d9195a62f790dab'),
(13262, 156, 37, 31, 134, '1b4358b02183fb708d9195a62f790dab'),
(13263, 156, 37, 32, 137, '1b4358b02183fb708d9195a62f790dab'),
(13264, 156, 37, 33, 139, '1b4358b02183fb708d9195a62f790dab'),
(13265, 156, 37, 34, 141, '1b4358b02183fb708d9195a62f790dab'),
(13266, 156, 37, 35, 143, '1b4358b02183fb708d9195a62f790dab'),
(13267, 156, 37, 36, 144, '1b4358b02183fb708d9195a62f790dab'),
(13268, 156, 37, 37, 146, '1b4358b02183fb708d9195a62f790dab'),
(13269, 156, 37, 38, 148, '1b4358b02183fb708d9195a62f790dab'),
(13270, 156, 37, 39, 151, '1b4358b02183fb708d9195a62f790dab'),
(13271, 156, 37, 40, 152, '1b4358b02183fb708d9195a62f790dab'),
(13272, 156, 37, 41, 155, '1b4358b02183fb708d9195a62f790dab'),
(13273, 156, 37, 42, 156, '1b4358b02183fb708d9195a62f790dab'),
(13274, 156, 37, 43, 158, '1b4358b02183fb708d9195a62f790dab'),
(13275, 156, 37, 44, 160, '1b4358b02183fb708d9195a62f790dab'),
(13276, 156, 37, 45, 162, '1b4358b02183fb708d9195a62f790dab'),
(13277, 156, 37, 46, 164, '1b4358b02183fb708d9195a62f790dab'),
(13278, 156, 37, 47, 166, '1b4358b02183fb708d9195a62f790dab'),
(13279, 156, 37, 48, 168, '1b4358b02183fb708d9195a62f790dab'),
(13280, 156, 37, 49, 170, '1b4358b02183fb708d9195a62f790dab'),
(13281, 156, 37, 50, 172, '1b4358b02183fb708d9195a62f790dab'),
(13282, 156, 37, 51, 174, '1b4358b02183fb708d9195a62f790dab'),
(13283, 156, 37, 52, 176, '9607bf8aeb7dfe5e9f5df8fca1fca685'),
(13284, 156, 37, 53, 178, '9607bf8aeb7dfe5e9f5df8fca1fca685'),
(13285, 156, 37, 54, 180, '9607bf8aeb7dfe5e9f5df8fca1fca685'),
(13286, 156, 37, 55, 183, '9607bf8aeb7dfe5e9f5df8fca1fca685'),
(13287, 156, 37, 56, 184, '9607bf8aeb7dfe5e9f5df8fca1fca685'),
(13288, 156, 37, 57, 186, '9607bf8aeb7dfe5e9f5df8fca1fca685'),
(13289, 156, 37, 58, 188, '9607bf8aeb7dfe5e9f5df8fca1fca685'),
(13290, 156, 37, 59, 191, '9607bf8aeb7dfe5e9f5df8fca1fca685'),
(13291, 156, 37, 60, 192, '9607bf8aeb7dfe5e9f5df8fca1fca685'),
(13292, 156, 37, 61, 195, '9607bf8aeb7dfe5e9f5df8fca1fca685'),
(13293, 156, 37, 62, 196, '9607bf8aeb7dfe5e9f5df8fca1fca685'),
(13294, 156, 37, 63, 199, '9607bf8aeb7dfe5e9f5df8fca1fca685'),
(13295, 156, 37, 64, 200, '9607bf8aeb7dfe5e9f5df8fca1fca685'),
(13296, 156, 37, 65, 202, '9607bf8aeb7dfe5e9f5df8fca1fca685'),
(13297, 156, 37, 66, 205, '9607bf8aeb7dfe5e9f5df8fca1fca685'),
(13298, 156, 37, 67, 207, '9607bf8aeb7dfe5e9f5df8fca1fca685'),
(13299, 156, 37, 68, 209, '9607bf8aeb7dfe5e9f5df8fca1fca685'),
(13300, 156, 1, 1, 13, '9fba0689329777fed15e2cf279beec6f');

-- --------------------------------------------------------

--
-- Table structure for table `user`
--

CREATE TABLE IF NOT EXISTS `user` (
  `ID` int(11) NOT NULL AUTO_INCREMENT,
  `Username` varchar(32) NOT NULL,
  `Password` varchar(32) NOT NULL,
  `Email` varchar(255) NOT NULL,
  `Name` varchar(100) NOT NULL,
  `Lastname` varchar(100) NOT NULL,
  `Gender` varchar(1) NOT NULL,
  `Birthday` date NOT NULL,
  `Phone` varchar(10) NOT NULL,
  `Role` int(10) NOT NULL,
  `Image` varchar(255) NOT NULL,
  PRIMARY KEY (`ID`)
) ENGINE=InnoDB  DEFAULT CHARSET=utf8 AUTO_INCREMENT=184 ;

--
-- Dumping data for table `user`
--

INSERT INTO `user` (`ID`, `Username`, `Password`, `Email`, `Name`, `Lastname`, `Gender`, `Birthday`, `Phone`, `Role`, `Image`) VALUES
(112, 'tester1', 'e10adc3949ba59abbe56e057f20f883e', 'test@adwise.com', 'tester', '1', '0', '2014-02-26', '0812345678', 1, ''),
(113, 'tester2', 'e10adc3949ba59abbe56e057f20f883e', 'test@adwise.com', 'tester', '2', '0', '2014-02-26', '0812345678', 0, ''),

-- --------------------------------------------------------

--
-- Table structure for table `user_test`
--

CREATE TABLE IF NOT EXISTS `user_test` (
  `UserID` int(11) NOT NULL,
  `AssessmentID` int(11) NOT NULL,
  `TestDate` datetime NOT NULL,
  `Status` varchar(10) NOT NULL,
  `ResultID` int(11) NOT NULL,
  PRIMARY KEY (`UserID`,`AssessmentID`)
) ENGINE=InnoDB DEFAULT CHARSET=latin1;

--
-- Dumping data for table `user_test`
--

INSERT INTO `user_test` (`UserID`, `AssessmentID`, `TestDate`, `Status`, `ResultID`) VALUES
(0, 1, '2014-03-02 08:07:08', 'cp', 0),
(1, 1, '2014-03-27 15:19:04', 'cp', 26),
(1, 37, '2014-03-27 14:39:20', 'cp', 30),
(2, 1, '2014-03-27 14:24:00', 'cp', 0),
(2, 37, '2014-03-14 22:30:23', 'cp', 30),
(3, 1, '2014-04-16 15:11:32', 'cp', 26),
(3, 37, '2014-03-17 12:01:10', 'cp', 30),
(4, 1, '2014-03-12 13:47:38', 'cp', 28),
(4, 37, '2014-03-12 13:46:28', 'cp', 0),
(112, 1, '2014-02-02 08:58:48', 'cp', 27),
(112, 37, '2014-02-27 11:43:04', 'cp', 36),
(113, 1, '2014-02-02 08:58:48', 'cp', 31),
(113, 37, '2014-02-27 11:44:56', 'cp', 32),
(114, 1, '2014-02-02 08:58:48', 'cp', 28),
(115, 1, '2014-02-02 08:58:48', 'cp', 35),
(116, 1, '2014-02-02 08:58:48', 'cp', 41),
(117, 1, '2014-02-02 08:58:48', 'cp', 26),
(117, 37, '2014-03-04 09:24:40', 'cp', 0),
(118, 1, '2014-03-30 11:42:56', 'cp', 26),
(118, 37, '2014-03-07 01:38:20', 'cp', 30),
(119, 1, '2014-03-02 08:44:15', 'cp', 41),
(120, 1, '2014-03-03 19:32:49', 'cp', 28),
(120, 37, '2014-03-03 20:27:23', 'cp', 26),
(121, 1, '2014-03-03 19:51:22', 'cp', 36),
(121, 37, '2014-03-03 20:34:02', 'cp', 36),
(122, 1, '2014-03-03 19:34:26', 'cp', 0),
(122, 37, '2014-03-03 19:47:49', 'cp', 27),
(124, 1, '2014-03-03 18:28:23', 'cp', 0),
(124, 37, '2014-03-03 18:27:07', 'cp', 28),
(127, 1, '2014-03-03 18:49:28', 'cp', 0),
(127, 37, '2014-03-03 19:13:56', 'cp', 0),
(128, 1, '2014-03-03 19:34:06', 'cp', 0),
(129, 1, '2014-03-03 19:38:41', 'cp', 0),
(130, 1, '2014-03-03 20:46:17', 'cp', 0),
(130, 37, '2014-03-03 21:36:38', 'cp', 0),
(131, 1, '2014-03-03 19:58:00', 'cp', 0),
(133, 1, '2014-03-03 21:14:45', 'cp', 0),
(133, 37, '2014-03-03 20:47:48', 'cp', 26),
(134, 1, '2014-03-03 20:53:47', 'cp', 0),
(134, 37, '2014-03-03 23:47:07', 'cp', 28),
(135, 1, '2014-03-03 21:14:46', 'cp', 0),
(135, 37, '2014-03-03 21:16:18', 'cp', 26),
(137, 1, '2014-03-03 22:16:41', 'cp', 0),
(137, 37, '2014-03-03 22:19:53', 'cp', 0),
(139, 1, '2014-03-03 21:42:19', 'cp', 0),
(139, 37, '2014-03-03 21:41:43', 'cp', 36),
(140, 1, '2014-03-03 21:31:44', 'cp', 39),
(141, 1, '2014-03-03 21:34:28', 'cp', 0),
(143, 1, '2014-03-03 21:59:47', 'cp', 35),
(145, 1, '2014-03-03 21:58:30', 'cp', 37),
(145, 37, '2014-03-03 22:24:18', 'cp', 40),
(146, 1, '2014-03-03 22:29:52', 'cp', 0),
(147, 1, '2014-03-03 22:28:24', 'cp', 0),
(147, 37, '2014-03-03 22:43:54', 'cp', 0),
(148, 1, '2014-03-04 01:27:42', 'cp', 0),
(148, 37, '2014-03-03 22:29:40', 'cp', 0),
(149, 1, '2014-03-03 23:33:19', 'cp', 0),
(149, 37, '2014-03-03 23:43:12', 'cp', 0),
(150, 1, '2014-03-03 22:32:13', 'cp', 28),
(156, 1, '2014-04-23 11:03:34', 'cp', 0),
(156, 37, '2014-04-23 11:03:39', 'cp', 0),
(157, 1, '2014-03-04 00:10:52', 'cp', 0),
(158, 1, '2014-03-04 00:17:03', 'cp', 0),
(159, 1, '2014-03-04 00:21:53', 'cp', 26),
(159, 37, '2014-03-04 00:32:58', 'cp', 33),
(160, 1, '2014-03-04 00:27:35', 'cp', 0),
(161, 1, '2014-03-04 00:32:07', 'cp', 0),
(162, 1, '2014-03-04 00:58:14', 'cp', 0),
(162, 37, '2014-03-04 01:08:57', 'cp', 0),
(163, 1, '2014-03-04 01:28:36', 'cp', 0),
(164, 1, '2014-03-04 01:23:00', 'cp', 0),
(164, 37, '2014-03-04 01:31:48', 'cp', 32),
(165, 1, '2014-03-04 01:23:07', 'cp', 28),
(165, 37, '2014-03-04 01:27:37', 'cp', 33),
(166, 1, '2014-03-04 13:05:31', 'cp', 0),
(166, 37, '2014-03-04 03:14:25', 'cp', 36),
(167, 1, '2014-03-04 10:33:01', 'cp', 0),
(167, 37, '2014-03-04 10:44:56', 'cp', 0),
(169, 1, '2014-03-07 23:03:50', 'cp', 0),
(173, 1, '2014-03-14 23:30:57', 'cp', 41),
(173, 37, '2014-03-14 23:33:17', 'cp', 35),
(175, 1, '2014-03-14 23:49:26', 'cp', 26),
(175, 37, '2014-03-14 23:49:34', 'cp', 30),
(176, 1, '2014-03-27 14:16:21', 'cp', 0),
(177, 1, '2014-03-27 14:22:42', 'cp', 0),
(178, 1, '2014-03-27 14:35:37', 'cp', 0),
(179, 1, '2014-03-27 14:43:48', 'cp', 31),
(181, 1, '2014-03-27 15:53:33', 'cp', 33),
(181, 37, '2014-03-27 15:50:43', 'cp', 32),
(182, 1, '2014-03-27 15:33:37', 'cp', 0);

/*!40101 SET CHARACTER_SET_CLIENT=@OLD_CHARACTER_SET_CLIENT */;
/*!40101 SET CHARACTER_SET_RESULTS=@OLD_CHARACTER_SET_RESULTS */;
/*!40101 SET COLLATION_CONNECTION=@OLD_COLLATION_CONNECTION */;
